#Amusing_Name,redshift_amusing,def_name,SN_name,SN_type,RA_SN,DEC_SN,RA_GAL,DEC_GAL,RA_pointing,DEC_pointing,Source,RA_DSS,DEC_DSS,offset_RA,offset_DEC,,
DUKST356059,0.0219,DUKST356059,ASASSN-15be,Ia,2:52:46.39,-34:18:52.53,02:52:45.79,-34:18:50.78,02:52:45.81,-34:18:52.15,P99,02:52:45.79,-34:18:50.78,9.059999999993806,-1.7523600000060924,,
GALEXJ150551.56,21,GALEXASCJ150551.56-053737.2,ASASSN-15bm,Ia,15:05:51.58,-5:37:37.05,15:05:51.58,-5:37:37.05,15:05:51.57,-05:37:35.60,P99,15:05:51.58,-5:37:37.05,--,--,,
ESO375-G041,0.006178,ESO375-G041,ASASSN-15hf,Ia,10:29:30.76,-35:15:35.20,10:29:031.0,-35:15:35.32,10:29:31.03,-35:15:35.80,P99,10:29:031.0,-35:15:35.32,-3.6732000000370135,0.11707999999259755,,
GALEXJ134316.80,,GALEXASCJ134316.80-313318.2,ASASSN-15hx,Ia,13:43:16.69,-31:33:21.55,13:43:16.69,-31:33:21.55,13:43:16.76,-31:33:19.23,P99,13:43:16.69,-31:33:21.55,--,--,,
P99-ANON-22,32,ASASSN-15HY,ASASSN-15hy,Ia-Pec,20:10:02.35,-00:44:21.31,20:10:02.35,00:44:021.3,20:10:02.36,-00:44:22.05,P99,20:10:02.35,00:44:021.3,0.007799999980306893,5322.61,,
ASASSN-15lh,0.2326,2MASSJ22021545-6139357,ASASSN-15lh,TDE,22:02:15.45,-61:39:34.6,22:02:15.45,-61:39:34.6,22:02:15.39,-61:39:35.11,arx,22:02:15.45,-61:39:34.6,--,--,,
PGC170294,0.023922,PGC170294,ASASSN13an,Ia,13:45:36,-7:19:32,13:45:36.54,-07:19:034.9,13:45:37,-7:19:32,P96,13:45:36.54,-07:19:034.9,-8.09999999991,2.89996,,
PGC004701,0.017752,PGC004701,ASASSN13ar,Ia,01:18:42,-7:26:42,01:18:42.71,-07:26:58.88,01:18:44,-7:26:58,P96,01:18:42.71,-07:26:58.88,-10.7046,16.88436,,
UGC01395,0.017405,UGC01395,ASASSN13bb,Ia,01:55:21,06:36:34,01:55:22.01,06:36:042.1,1:55:23/1:55:21,6:36:23/6:37:03,P96,01:55:22.01,06:36:042.1,-15.1524,-8.09984,,
NGC1954,0.010441,NGC1954,ASASSN13cc,Ia,05:32:47,-14:02:46,05:32:48.35,-14:03:046.0,5:32:47/5:32:50/5:32:45/5:32:48/5:32:49/5:32:52,-14:03:59/-14:03:33/-14:03:16/-14:02:50/-14:04:42/-14:04:16,P96,05:32:48.35,-14:03:046.0,-20.2506,60.00008,,
PGC057687,0.016151,PGC057687,ASASSN13ch,Ia,16:16:34.06,-0:35:27.38,16:16:33.875,-00:35:19.22,16:16:34,-0:35:20,P96,16:16:33.84,00:35:19.37,2.38199999992,4246.37436,,
CGCG051-075,18,CGCG051-075,ASASSN13cj,Ia,16:17:11,04:33:15,16:17:11.04,04:33:14.55,16:17:11,04:33:15,P96,16:17:11.04,04:33:14.55,-0.605400000006,0.448439999998,,
PGC055442,0.023576,PGC055442,ASASSN13cp,Ia,15:33:49,21:08:20,15:33:48.92,21:08:10.36,15:33:49,21:08:10,P96,15:33:48.92,21:08:10.36,1.14000000009,9.63932,,
PGC002414,0.027219,PGC002414,ASASSN13cu,Ia,00:40:10,-10:26:22,00:40:10.54,-10:26:26.06,00:40:11,-10:26:26,P96,00:40:10.54,-10:26:26.06,-8.0868,4.06208,,
NGC2765,0.012549,NGC2765,ASASSN13dd,Ia,09:07:37,03:23:39,09:07:36.65,03:23:34.48,09:07:35/09:07:35.13,03:23:34/+03:23:43.0,P96/P97,09:07:36.65,03:23:34.48,5.28900000015/-39.7109999999,4.52364/-2.47636,,
PGC2816341,17,PGC2816341,ASASSN13dm,Ia,03:02:11,15:55:39,03:02:11.15,15:55:38.37,03:02:11,15:55:39,P96,03:02:11.15,15:55:38.37,-2.28479999999,0.625680000002,,
anon57,0.0264,KUG1237+183,ASASSN14ad,Ia,12:40:11.1,18:03:32.8,12:40:11.388,18:03:42.11,12:40:11,18:03:42,P96,12:40:11.38,18:03:042.2,-5.62560000002,-9.19884,,
UGC11037,0.010431,UGC11037,ASASSN14at,II,17:55:05,18:15:27,17:55:05.27,18:15:25.92,17:55:05,18:15:26,P96,17:55:05.27,18:15:25.92,-4.07399999974,1.08,,
anon59,0.032668,SDSSJ102131.91+082419.8,ASASSN14ba,Ia-91T,10:21:32,08:24:19,10:21:32,08:24:19,10:21:32,08:24:20,P96,10:21:32,08:24:19,--,--,,
CGCG103-030,0.022447,CGCG103-030,ASASSN14bf,IIP,13:58:13,17:31:57,13:58:13.11,17:31:51.87,13:58:13,17:31:52,P96,13:58:13.11,17:31:51.87,-1.72379999995,5.12964,,
CGCG023-005,0.03334,CGCG023-005,ASASSN14co,Ia,15:57:30,01:06:34,15:57:30.25,01:06:043.2,15:57:30,01:06:43,P96,15:57:30.25,01:06:043.2,-3.75120000015,-9.2,,
anon60,0.024797,2MASXJ12470274-2414435,ASASSN14cu,Ia,12:47:03,-24:14:42,12:47:02.76,-24:14:043.9,12:47:03,-24:14:44,P96,12:47:02.76,-24:14:043.9,3.54059999986,1.89576,,
ESO075-G049,0.037519,ESO075-G049,ASASSN14db,Ia,22:02:02,-70:02:28,22:02:001.8,-70:02:029.8,22:02:02,-70:02:29,P96,22:02:001.8,-70:02:029.8,2.92619999998,1.79996000001,,
NGC2466,0.017722,NGC2466,ASASSN14dd,Ibn,07:45:14,-71:24:14,07:45:016.0,-71:24:37.55,7:45:21/7:45:11/7:45:21/7:45:11,-71:25:03/-71:25:03/-71:24:13/-71:24:13,P96,07:45:016.0,-71:24:37.55,-30.0732/--/--,23.55016/--/--,,
ESO506-G004,0.013416,ESO506-G004,ASASSN14dl,II,12:21:51,-24:09:54,12:21:49.04,-24:10:05.88,12:21:51,-24:10:06,P96,12:21:49.04,-24:10:05.88,29.3579999999,11.88108,,
ESO319-G15,0.009159,ESO319-G015,ASASSN14dp,II,11:21:58,-37:54:24,11:21:58.05,-37:54:03.63,11:21:56,-37:53:58,P96,11:21:58.05,-37:54:03.63,-0.76620000001,-20.37012,,
Mrk842,0.022202,MRK0842,ASASSN14dz,Ia,15:05:55,12:44:43,15:05:54.87,12:44:39.32,15:05:55,12:44:39,P96,15:05:54.87,12:44:39.32,2.02020000012,3.68487999999,,
PGC053612,0.022722,MCG-01-38-015,ASASSN14eu,Ia-00cx,15:00:37,-3:50:49,15:00:38.86,-03:51:29.53,15:00:39,-3:51:30,P96,15:00:38.86,-03:51:29.53,-27.8814,40.52648,,
anon61,0.019597,2MASXJ20220000-5147474,ASASSN14ew,Ia,20:22:01,-51:47:45,20:22:000.0,-51:47:47.51,20:22:00,-51:47:48,P96,20:22:000.0,-51:47:47.51,14.9333999999,2.51124,,
ESO416-G039,0.022589,ESO416-G039,ASASSN14fa,Ia,02:52:23.06,-31:49:18,02:52:22.30,-31:49:02.16,02:52:22,-31:49:02,P96,02:52:22.34,-31:49:02.19,9.8256,-15.81108,,
PGC043070,0.015367,PGC043070,ASASSN14fd,IIn,12:46:15,-40:48:53,12:46:14.77,-40:48:49.81,12:46:15,-40:48:47,P96,12:46:14.77,-40:48:49.81,3.40919999999,-3.18644,,
anon64,0.03362,2MASXJ01504127-1431032,ASASSN14hr,Ia,01:50:41,-14:31:05,01:50:41.26,-14:31:003.1,01:50:41,-14:31:03,P96,01:50:41.26,-14:31:003.1,-3.89759999999,-1.89956,,
ESO058-G012,15,ESO058-G012,ASASSN14hu,Ia,06:43:27,-69:38:15,06:43:21.66,-69:38:29.28,06:43:22,-69:38:30,P96,06:43:21.66,-69:38:29.28,80.1396000001,14.28012,,
ESO113-G032,29,ESO113-G032,ASASSN14ig,Ia,01:16:05,-61:37:16,01:16:05.02,-61:37:20.01,01:16:04,-61:37:15,P96,01:16:05.02,-61:37:20.01,-0.342600000005,4.01179999999,,
ESO462-G009,0.019277,ESO462-G009,ASASSN14iz,IIP,20:21:50,-31:17:07,20:21:51.59,-31:17:22.99,20:21:52,-31:17:23,P96,20:21:51.59,-31:17:22.99,-23.8739999999,15.99308,,
ESO467-G051,0.006031,ESO467-G051,ASASSN14jb,IIP,22:23:16,-28:58:31,22:23:17.22,-28:58:51.16,22:23:16,-28:58:51,P96,22:23:17.22,-28:58:51.16,-18.2585999999,20.15828,,
anon67,0.011325,2MASXJ07353554-6246099,ASASSN14jc,Ia,07:35:35,-62:46:13,07:35:35.54,-62:46:09.95,07:35:36,-62:46:10,P96,07:35:35.54,-62:46:09.95,-8.10240000001,-3.04984,,
PGC128348,0.014827,PGC128348,ASASSN14jg,Ia,23:33:14,-60:34:12,23:33:12.22,-60:34:20.15,23:33:12,-60:34:20,P96,23:33:12.22,-60:34:20.15,26.6970000001,8.14536000001,,
anon68,0.015542,GALEXASCJ184443.33-524819.2,ASASSN14jz,Ia,18:44:44.34,-52:48:05.48,18:44:43.2,-52:48:19,18:44:43,-52:48:19,P96,18:44:44,-52:48:05,--,--,,
ESO253-G003,0.042489,ESO253-G003,ASASSN14ko,IIn,05:25:18,-46:00:20,05:25:18.05,-46:00:021.3,05:25:18,-46:00:21,P96,05:25:18.05,-46:00:021.3,-0.752399999993,1.30012000001,,
anon70,23,GALEXASCJ003952.48-380347.3,ASASSN14kp,II,00:39:53,-38:03:52,00:39:53,-38:03:52,00:39:53,-38:03:49,P96,00:39:53,-38:03:52,--,--,,
anon71,0.0336,2MASXJ23451480-2947009,ASASSN14kq,Ia,23:45:16,-29:47:01,23:45:14.83,-29:47:01.01,23:45:15,-29:47:00,P96,23:45:14.83,-29:47:01.01,17.5631999999,0.00859999999534,,
anon72,14,GALEXASCJ125413.02-073849.5,ASASSN14kr,Ia,12:54:13.15,-7:38:57.46,12:54:13,-7:38:49,12:54:13,-7:38:50,P96,12:54:13,-7:38:57,--,--,,
PGC043234,0.0206,PGC043234,ASASSN14li,TDE,12:48:15,17:46:27,12:48:15.25,17:46:26.28,12:48:15,17:46:26,P96,12:48:15.25,17:46:26.28,-3.77099999999,0.717720000002,,
NGC4666,0.005101,NGC4666,ASASSN14lp,Ia,12:45:09.10,-00:27:32.4,12:45:08.676,-00:27:42.88,12:45:07/12:45:10/12:45:05,-0:27:27/-0:27:59/-0:28:05,P96,12:45:08.63,00:27:42.76,5.48099999997/--,3314.7626/--,,
IC0299,0.032046,IC0299,ASASSN14lt,Ia,03:11:02.54,-13:06:38.76,03:11:02.541,-13:06:34.433,03:11:03,-13:06:35,P96,03:11:03,-13:06:39,--,--,,
anon74,0.026995,2MASXJ14103977-0241003,ASASSN14lu,Ia,14:10:40,-2:40:56,14:10:39.76,-02:41:00.53,14:10:40,-2:41:01,P96,14:10:39.76,-02:41:00.53,3.57359999998,4.5316,,
anon75,0.049194,LCRSB232926.0-413242,ASASSN14lv,Ia,23:32:07.37,-41:16:11.76,23:32:07.478,-41:16:09.71,23:32:07,-41:16:10,P96,23:32:07,-41:16:12,--,--,,
anon76,0.020875,GALEXASCJ010647.95-465904.1,ASASSN14lw,Ia,01:06:49,-46:59:00,01:06:49,-46:59:00,01:06:48,-46:59:04,P96,01:06:49,-46:59:00,--,--,,
ESO113-G047,18,ESO113-G047,ASASSN14me,Ia,01:26:40,-57:59:50,01:26:40.26,-57:59:48.46,1:26:40/1:26:40,-57:59:26/-58:00:16,P96,01:26:40.26,-57:59:48.46,-3.8316,-1.53836,,
anon78,0.0311,GALEXASCJ000454.54-322615.3,ASASSN14mf,Ia,00:04:54.459,-32:26:14.63,00:04:54.5,-32:26:17,00:04:55,-32:26:16,P96,00:04:54,-32:26:15,--,--,,
anon79,31,GALEXASCJ025358.03-213854.7,ASASSN14mg,Ia,02:53:58,-21:38:53,02:53:58,-21:38:53,02:53:58,-21:38:55,P96,02:53:58,-21:38:53,--,--,,
PGC006240,0.027406,PGC006240,ASASSN14mw,Ia,01:41:25,-65:37:01,01:41:30.89,-65:36:57.55,01:41:31,-65:36:56,P96,01:41:30.89,-65:36:57.55,-88.3506,-3.45363999998,,
ESO325-G045,0.017842,ESO325-G045,ASASSN15ab,IIn,14:03:06,-38:28:30,14:03:09.02,-38:28:32.73,14:03:09,-38:28:31,P96,14:03:09.02,-38:28:32.73,-45.3401999999,2.72807999998,,
NGC3449,0.010921,NGC3449,ASASSN15aj,Ia,10:52:53,-32:55:35,10:52:53.51,-32:55:36.69,10:52:52/10:52:55/10:52:50/10:52:53/10:52:54/10:52:57,-32:55:53/-32:55:25/-32:55:12/-32:54:44/-32:56:34/-32:56:06,P96,10:52:53.51,-32:55:36.69,-7.63080000007,1.69204,,
ASASSN15db,0.0108182,NGC5996,ASASSN15db,Ia,15:46:58.690,+17:53:02.55,,,15:46:58.71,+17:53:01.84,P101,,,--,--,,
ASASSN15hg,0.030473,CGCG063-098,ASASSN15hg,Ia,09:53:48.62,+09:11:37.8,09:53:49.24,09:11:37.54,9:53:49.29,9:11:38.68,P98,09:53:49.24,09:11:37.54,-9.23460000001,0.259320000001,,
ASASSN15ho,0.041444,2MASXJ09092454-0443026,ASASSN15ho,Ia,09:09:23.89,-04:43:31.0,09:09:24.54,-04:43:002.6,9:09:23.91,-4:43:29.38,P98,09:09:24.54,-04:43:002.6,-9.75179999994,-28.39996,,
ESO113-G018,0.026321,ESO113-G018,ASASSN15ja,Ia,01:09:39.033,-61:19:58.33,01:09:39.09,-61:19:59.56,01:09:39.1,-61:20:00,HK,01:09:39.09,-61:19:59.56,-0.842400000009,1.23355999998,,
AT2016iaf,0.0,-,AT2016iaf,CV,06:07:56.28,+19:34:06.56,,,5:47:04.70,-25:46:09.01,P100,,,--,--,,
anon51,NULL,anon51-null,CSP12N,Ia,12:38:16,-15:06:32,12:38:16,-15:06:32,12:38:16,-15:06:33,P95,12:38:16,-15:06:32,--,--,,
anon38,NULL,2MASXJ01460987-6727579,CSP13aad,Ia,01:46:09,-67:28:00,01:46:09.87,-67:27:057.9,01:46:09,-67:28:01,P95,01:46:09.87,-67:27:057.9,-13.0482,-2.10012000003,,
anon35,NULL,2MASXJ05583036-6333386,CSP13aao,Ia,05:58:30,-63:33:38,05:58:30.36,-63:33:038.6,05:58:30,-63:33:38,P95,05:58:30.36,-63:33:038.6,-5.39999999997,0.599920000013,,
anon34,NULL,anon34-null,CSP13aaq,Ia,04:19:47,-63:43:22,04:19:47,-63:43:22,04:19:47,-63:43:22,P95,04:19:47,-63:43:22,--,--,,
anon31,NULL,2MASXJ06380745-7543288,CSP13abl,Ia,06:38:07,-75:43:37,06:38:07.45,-75:43:028.8,06:38:07,-75:43:37,P95,06:38:07.45,-75:43:028.8,-6.75119999999,-8.19987999999,,
anon42,NULL,2MASXJ02022241-6544090,CSP13Q,Ia,02:02:22,-65:44:09,02:02:22.41,-65:44:009.0,02:02:22,-65:44:07,P95,02:02:22.41,-65:44:009.0,-6.1482,-0.000120000009929,,
anon28,NULL,2MASXJ06134795-6755146,CSP14aaq,Ia,06:13:48,-67:55:15,06:13:47.97,-67:55:14.55,06:13:48,-67:55:15,P95,06:13:47.97,-67:55:14.55,0.448199999994,-0.450119999999,,
anon27,NULL,anon27-null,CSP14aar,Ia,05:48:23,-66:47:30,05:48:23,-66:47:30,05:48:23,-66:47:30,P95,05:48:23,-66:47:30,--,--,,
anon22,NULL,PGC547157,CSP14abn,Ia,13:56:04,-43:35:10,13:56:03.18,-43:34:31.88,13:56:04,-43:35:09,P95,13:56:03.18,-43:34:31.88,12.2334,-38.1226,,
GALEXJ232854.58,0.08,GALEXASCJ232854.58+085453.1,CSS121006:232854+085452,Ia,23:28:54.48,8:54:51.60,23:28:54.48,8:54:51.60,23:28:54.51,+08:54:51.33,P99,23:28:54.48,8:54:51.60,--,--,,
CSS121114_090202+101800,0.037178,SDSSJ090202.19+101759.7,CSS121114_090202+101800,Ia,09:02:02.33,+10:18:00.1,09:02:02.19,10:17:59.58,9:02:02.21,10:18:00.74,P98,09:02:02.19,10:17:59.58,2.15219999989,0.523720000001,,
CSS130317_082848+293031,0.08,2MASXJ08284799+2930519,CSS130317_082848+293031,Ia,08:28:47.78,+29:30:30.8,08:28:48.01,29:30:51.62,8:28:48.01,29:30:38.14,P98,08:28:48.01,29:30:51.62,-3.37560000002,-20.82076,,
SDSSJ162243.02,35,SDSSJ162243.02+185733.8,iPTF13asv,Ia-91T,16:22:43.16,18:57:35.60,16:22:43.16,18:57:35.60,16:22:43.03,+18:57:35.96,P99,16:22:43.16,18:57:35.60,--,--,,
NGC5806,0.004533,NGC5806,iPTF13bvn,Ib,14:59:58.96,+01:53:25.5,15:00:000.4,01:53:28.57,15:00:00.47,1:53:28.27,arx,15:00:000.4,01:53:28.57,-21.5562/-19.1562000001/-21.5562,-2.98588/-4.16588/-3.06588,,
iPTF13dge,0.01584,NGC1762,iPTF13dge,Ia,05:03:35.32,+01:34:29.4,05:03:037.0,01:34:24.23,5:03:36.70,1:34:21.28,P98,05:03:037.0,01:34:24.23,-25.1688,5.16864,,
GALEXJ234457.62,0.04,GALEXASCJ234457.62+032338.1,iPTF13dkl,Ia,23:44:57.99,3:23:40.30,23:44:57.99,3:23:40.30,23:44:57.62,+03:23:38.43,P99,23:44:57.99,3:23:40.30,--,--,,
SDSSJ152512.43-014840.1,0.0277,SDSSJ152512.43-014840.1,iPTF14aje,Ia,15:25:12.07,-01:48:51.50,1:00:00.00,-1:00:00.00,15:25:12.37,-01:48:39.72,P99,1:00:00.00,-1:00:00.00,--,--,,
LCSBS0066P,0.053727,LCSBS0066P,iPTF14gnl,Ia,0:23:48.33,-3:51:27.90,0:23:48.33,-3:51:27.90,00:23:48.28,-03:51:18.68,P99,0:23:48.33,-3:51:27.90,--,--,,
anon52,0.06,GALEXASCJ101741.80-072452.2,LSQ12agq,Ia,10:17:42,-7:24:54,10:17:42,-7:24:54,10:17:42,-7:24:54,P95,10:17:42,-7:24:54,--,--,,
anon53,0.1,GALEXASCJ105517.85-141757.2,LSQ12aor,Ia,10:55:18,-14:18:01,10:55:18,-14:18:01,10:55:18,-14:18:00,P95,10:55:18,-14:18:01,--,--,,
anon54,105,2MASXJ05310364-1948063,LSQ12ca,Ia,05:31:04,-19:47:59,05:31:03.64,-19:48:006.3,05:31:04,-19:47:59,P95,05:31:03.64,-19:48:006.3,5.39879999998,7.29999999998,,
ESO510-G034,0.037906,ESO510-G034,LSQ12cfx,Ia,13:59:41,-25:22:51,13:59:42,-25:22:42.39,13:59:42,-25:22:42,P95,13:59:42.02,-25:22:42.28,-15.2538000001,-8.71752000001,,
anon80,0.020000,anon80,LSQ12dbr,Ia,20:58:52,-2:58:27,20:58:52,-2:58:27,20:58:51.96,-02:58:26.1,P97,20:58:52,-2:58:27,--,--,,
2MASXJ22522347,0.03315,2MASXJ22522347-2036373,LSQ12fhs,Ia,22:52:23.45,-20:36:53.30,22:52:23.46,-20:36:38.28,22:52:23.36,-20:36:37.68,P99,22:52:23.46,-20:36:38.28,-0.14280000004873727,-15.021919999996669,,
LSQ12fmx,67,2MASXJ03125293-0012238,LSQ12fmx,Ia,03:12:52.18,-00:12:12.8,03:12:52.93,00:12:23.94,3:12:52.92,-00:12:23.41,P98,03:12:52.93,00:12:23.94,-11.1972,1476.74468,,
LSQ12fuk,0.02,PGC899901,LSQ12fuk,Ia,04:58:15.89,-16:17:57.8,04:58:15.87,-16:18:01.62,4:58:15.80,-16:17:59.79,P98,04:58:15.87,-16:18:01.62,0.240600000006,3.82071999999,,
MCG-06-12-02,0.0559690,MCG-06-12-02,LSQ12fvl,Ia,5:00:50.04,-38:39:11.29,05:00:50.65,-38:39:016.9,05:00:50.67,-38:39:15.70,P99,05:00:50.65,-38:39:016.9,-9.147600000079592,5.6098399999939375,,
ESO472-G007,0.030303,ESO472-G007,LSQ12gdj,Ia,23:54:43,-25:40:34,23:54:45.21,-25:40:23.05,23:54:44.53,-25:40:31.0,P97,23:54:45.21,-25:40:23.05,-33.1913999999,-10.9534,,
GALEXJ052259.58,112,GALEXASCJ052259.58-332755.3,LSQ12gln,Ia,5:22:59.41,-33:27:51.32,5:22:59.41,-33:27:51.32,05:22:59.47,-33:27:57.64,P99,5:22:59.41,-33:27:51.32,--,--,,
anon47,0.1,GALEXASCJ024043.58-344425.0,LSQ12gzm,Ia,02:40:44,-34:44:26,02:40:44,-34:44:26,02:40:43,-34:44:26,P95,02:40:44,-34:44:26,--,--,,
anon46,0.156400,anon-46-null,LSQ12hnx,Ia,02:35:18,-30:57:49,02:35:18,-30:57:49,02:35:18,-30:57:49,P95,02:35:18,-30:57:49,--,--,,
anon45,0.06,GALEXASCJ110738.65-294235.5,LSQ12hvj,Ia,11:07:39,-29:42:41,11:07:39,-29:42:41,11:07:39,-29:42:41,P95,11:07:39,-29:42:41,--,--,,
anon44,0.0694,2MASXJ03194423-2700201,LSQ12hxx,Ia,03:19:44,-27:00:26,03:19:44.22,-27:00:020.3,03:19:44,-27:00:26,P95,03:19:44.22,-27:00:020.3,-3.28920000001,-5696,,
2MASXJ09591230-0900095,0.033532,2MASXJ09591230-0900095,LSQ12hzj,Ia,9:59:12,-9:00:08,09:59:012.3,-09:00:009.5,09:59:12.36,-09:00:09.3,P97,09:59:012.3,-09:00:009.5,-4.5000000001,1.50004,,
anon43,0.07,2MASXiJ0401529-263947,LSQ12hzs,Ia,04:01:53,-26:39:50,04:01:53,-26:39:50,04:01:52,-26:39:50,P95,04:01:53,-26:39:50,--,--,,
2XMMJ010241.5,57,2XMMJ010241.5-215248,LSQ13cmt,Ia,1:02:41.95,-21:52:23.40,1:02:41.95,-21:52:23.40,01:02:41.59,-21:52:44.47,P99,1:02:41.95,-21:52:23.40,--,--,,
LSQ13crf,0.048911,PGC1194403,LSQ13crf,Ia,03:10:50.23,+01:25:18.9,03:10:50.28,01:25:18.61,3:10:50.26,1:25:19.87,P98,03:10:50.28,01:25:18.61,-0.7698,0.29292,,
LSQ13cwp,67,2MASXJ04035024-0239275,LSQ13cwp,Ia,04:03:50.66,-02:39:18.0,04:03:50.24,-02:39:027.6,4:03:50.25,-2:39:26.12,P98,04:03:50.24,-02:39:027.6,6.29760000001,9.60012,,
anon36,0.08,LCSBS0801P,LSQ13dcy,Ia,04:55:16,-20:00:05,04:55:16,-20:00:05,04:55:16,-19:59:58,P95,04:55:16,-20:00:05,--,--,,
anon33,0.093402,GALEXMSCJ021234.60-372019.1,LSQ13dhj,Ia,02:12:34,-37:20:23,02:12:34,-37:20:23,02:12:34,-37:20:24,P95,02:12:34,-37:20:23,--,--,,
anon32,0.07,2MASXJ03101094-3638017,LSQ13dkp,Ia,03:10:10,-36:37:45,03:10:10.94,-36:38:001.4,03:10:18,-36:39:19,P95,03:10:10.94,-36:38:001.4,-14.0268,16.39992,,
anon30,0.042511,APMUKS(BJ)B033105.19-262232.9,LSQ13dsm,Ia,03:33:13,-26:12:24,03:33:13,-26:12:24,03:33:13,-26:12:24,P95,03:33:13,-26:12:24,--,--,,
LSQ14act,0.058357,2MASXJ15594517-1027126,LSQ14act,Ia,15:59:44.65,-10:26:40.8,15:59:45.16,-10:27:12.45,15:59:44.68,-10:26:39.95,P98,15:59:45.16,-10:27:12.45,-7.61340000001,31.64916,,
LSQ14aeg,0.064452,2MASXJ10193682+1933131,LSQ14aeg,Ia,10:19:36.79,+19:33:20.3,10:19:36.81,19:33:13.31,10:19:36.80,19:33:14.31,P98,10:19:36.81,19:33:13.31,-0.296399999968,6.98972,,
LSQ14age,0.080451,PGC937943,LSQ14age,Ia,13:24:08.60,-13:26:25.9,13:24:08.61,-13:26:28.98,13:24:08.55,-13:26:29.22,P98,13:24:08.61,-13:26:28.98,-0.0869999998827,3.08024,,
anon26,0.05,2MASXJ13434760-3254381,LSQ14ahc,Ia,13:43:48,-32:54:35,13:43:047.6,-32:54:038.1,13:43:48,-32:54:35,P95,13:43:047.6,-32:54:038.1,5.9994,3.09988,,
LSQ14ahm,0.05,PGC953531,LSQ14ahm,Ia,11:41:22.45,-12:23:57.5,11:41:019.9,-12:23:25.29,11:41:22.67,-12:23:58.16,P98,11:41:019.9,-12:23:25.29,38.2290000001,-32.20652,,
2MASXJ11113635,0.068444,2MASXJ11113635-2127597,LSQ14asu,Ia,11:11:35.94,-21:27:59.70,11:11:36.35,-21:27:59.68,11:11:36.28,-21:27:59.10,P99,11:11:36.35,-21:27:59.68,-6.217200000060075,-0.024600000001839817,,
anon25,57,GALEXASCJ195932.30-565932.4,LSQ14bbv,Ia,19:59:33.12,-56:59:27.84,19:59:32.81,-56:59:34.78,19:59:33,-56:59:27,P95,19:59:33,-56:59:28,--,--,,
anon24,0.08,APMUKS(BJ)B141811.91-050120.8,LSQ14bjj,Ia,14:20:49,-5:15:02,14:20:49,-5:15:02,14:20:49,-5:15:01,P95,14:20:49,-5:15:02,--,--,,
GALEXJ221646.26,0.06,GALEXASCJ221646.26+152124.1,LSQ14fmg,Ia,22:16:46.10,15:21:14.10,22:16:46.10,15:21:14.10,22:16:46.24,+15:21:23.52,P99,22:16:46.10,15:21:14.10,--,--,,
APMUKSB005813.4,61,2MASXJ01004062-1459494,LSQ14gde,Ia,1:00:42.49,-14:59:33.30,01:00:40.62,-14:59:049.4,01:00:42.07,-14:59:39.08,P99,01:00:40.62,-14:59:049.4,28.05179999999936,16.100160000002006,,
anon29,0.089441,anon29-null,LSQ14ie,Ia,12:55:33,-32:56:40,12:55:33,-32:56:40,12:55:33,-32:56:40,P95,12:55:33,-32:56:40,--,--,,
LSQ14xi,0.05,2MASXJ12304088-1346236,LSQ14xi,Ia,12:30:41.17,-13:46:21.9,12:30:40.87,-13:46:23.76,12:30:40.92,-13:46:22.13,P98,12:30:40.87,-13:46:23.76,4.55819999995,1.85724,,
P99-ANON-20,68,LSQ15aja,LSQ15aja,Ia,17:03:08.91,12:27:41.60,17:03:08.91,12:27:41.60,17:03:08.91,+12:27:42.75,P99,17:03:08.91,12:27:41.60,--,--,,
ESO508-G016,0.047099,ESO508-G016,LSQ15alq,Ia,13:09:18.56,-25:52:20.24,13:09:18.77,-25:52:05.45,13:09:18.70,-25:52:05.62,P99,13:09:18.77,-25:52:05.45,-3.145199999937631,-14.79308000000401,,
P99-ANON-6,37,PS1-13eao,PS1-13eao,Ia,3:29:56.35,-28:46:17.70,3:29:56.35,-28:46:17.70,03:29:56.62,-28:46:19.57,P99,3:29:56.35,-28:46:17.70,--,--,,
PS1-14ra,0.027731,IC1044,PS1-14ra,Ia,14:41:28.44,+09:25:58.7,14:41:29.03,09:25:51.33,14:41:29.04,9:25:52.23,P98,14:41:29.03,09:25:51.33,-8.81640000005,7.36604,,
anon23,0.066585,SDSSJ124653.32+144748.4,PS1-14rx,Ia,12:46:53,14:47:50,12:46:53.33,14:47:48.66,12:46:53,14:47:51,P95,12:46:53.33,14:47:48.66,-4.99560000007,1.34468,,
NGC6240,0.024480,NGC6240,PS1-14xw,Ia,16:52:58.12,+02:23:50.4,16:52:58.86,02:24:003.5,16:52:59.0,02:24:02.0,arx,16:52:58.86,02:24:003.5,-11.1018,-13.09992,,
PS15aez,0.052567,PGC1285465,PS15aez,Ia,11:00:09.78,+05:33:48.5,11:00:09.84,05:33:48.76,11:00:09.81,5:33:49.56,P98,11:00:09.84,05:33:48.76,-0.93599999999,-0.26344,,
PS15mb,0.029103,SDSSJ085940.13+151113.6,PS15mb,Ia,08:59:40.13,+15:11:12.4,08:59:40.13,15:11:13.66,8:59:38.65,15:11:19.25,P98,08:59:40.13,15:11:13.66,-0.0186000000554,-1.2626,,
PS15mt,71,SDSSJ095444.27+231151.6,PS15mt,Ia,09:54:44.13,+23:11:52.8,09:54:44.27,23:11:51.28,9:54:44.28,23:11:52.90,P98,09:54:44.27,23:11:51.28,-2.05560000003,1.52280000001,,
PSNJ07250042+2347030,18,NGC2370,PSNJ07250042+2347030,Ia,07:25:00.42,+23:47:03.0,07:25:01.66,23:46:059.7,7:25:01.66,23:47:00.49,P98,07:25:01.66,23:46:059.7,-18.6011999999,3.30000000001,,
PSNJ10292799+2200468,0.05445,UGC05691,PSNJ10292799+2200468,Ia,10:29:27.70,22:00:43,10:29:27.49,22:00:28.50,10:29:27.48,22:00:29.97,P98,10:29:27.47,22:00:28.54,6.38999999993/--,17.9628/--,,
NGC881,0.017555,NGC0881,PTF11pra,Ia,02:18:45.81,-06:38:30.50,02:18:45.29,-06:38:20.91,02:18:43.63/02:18:46.47,-06:37:55.37-06:38:38.07,P99,02:18:45.29,-06:38:20.91,,,,
PTF11qmo,55,2MASXJ10064866-0741124,PTF11qmo,Ia,10:06:49.76,-07:41:12.3,10:06:48.68,-07:41:012.6,10:06:48.63,-7:41:12.52,P98,10:06:48.68,-07:41:012.6,16.2714000001,0.30312,,
NGC7364,0.016228,NGC7364,PTF11qnr/SN2009kf/SN2006lc,Ia/II/Ib,22:44:25.22/22:44:23.89/22:44:24.44,-00:10:02.00/-00:09:42.0/-00:09:53.8,22:44:24.38,00:09:43.49,22:44:24.35,-00:09:41.55,P99,22:44:24.38,00:09:43.49,12.527399999885347/--/--,1185.4930399999998/--/--,,
PTF11qpc,91,SDSSJ122005.45+092418.2,PTF11qpc,Ia,12:20:05.47,+09:24:12.1,12:20:05.45,09:24:18.35,12:20:05.49,9:24:19.35,P98,12:20:05.45,09:24:18.35,0.268800000038,-6.25172,,
PTF11qri,0.067347,PGC1034104,PTF11qri,Ia,12:47:06.28,-06:19:49.7,12:47:06.29,-06:19:43.32,12:47:06.33,-6:19:42.51,P98,12:47:06.29,-06:19:43.32,-0.120000000106,-6.38,,
2MASXJ02500784-0016014,0.029000,2MASXJ02500784-0016014,PTF12iiq,Ia,2:50:08,-0:15:54,02:50:07.86,00:16:01.19,02:50:07.69,-00:15:55.4,P97,02:50:07.86,00:16:01.19,2.16299999999,1915.1874,,
2MASXi0415016-152053,0.028188,2MASXi0415016-152053,PTF12jgb,Ia,4:15:01,-15:20:54,4:15:01,-15:20:54,04:15:01.51,-15:20:52.7,P97,4:15:01,-15:20:54,--,--,,
PTF14ans,0.03197,CGCG048-099,PTF14ans,Ia-02cx,15:04:29.97,+02:19:51.25,15:04:29.73,02:19:58.93,15:04:29.45,+02:19:57.86,JL,15:04:29.73,02:19:58.93,3.6701999999422696,-7.680680000001061,,
SMT16atf,14,ANON,SMT16atf,II,,,-32:08:26.5,P100,,,13:29:55.90,-32:08:26.5,P100,,,--,--
NGC5253,0.0014,NGC5253,SN1895B,Ia,13:39:55.90,-31:38:31.82,,,13:39:55.89,-31:38:32.76,arx,,,,,,
NGC4666,0.005101,NGC4666,SN1965H,II,12:45:09.12,-00:27:32.5,12:45:08.63,-00:27:42.76,12:45:07/12:45:10/12:45:05,-0:27:27/-0:27:59/-0:28:05,P96,12:45:08.63,00:27:42.76,5.48099999997/--,3314.7626/--,,
IC3476,0.000564,IC3476,SN1970A,II,12:32:42,14:03:04,12:32:41.85,14:03:01.86,12:31:42,14:03:00,HK,12:32:41.85,14:03:01.86,2.19240000009,2.13952,,
IC5201,0.003052,IC5201,SN1978G,II,22:20:57,-46:02:05,22:20:57.39,-46:02:06.91,22:20:49/22:20:54/22:20:58/22:21:00,-46:01:30/-46:00:33/-46:02:00/-46:01:03,HK,22:20:57.39,-46:02:06.91,-5.81220000026,1.90612000002,,
NGC1316_2,0.005871,NGC1316,SN1981D,Ia,03:22:38.40,-37:13:58.00,03:22:41.99,-37:12:29.91,03:22:43.25,-37:13:08.54,arx,03:22:41.99,-37:12:29.91,,,,
NGC4699,0.00465,NGC4699,SN1983K,II,12:49:12,-08:37:42,12:49:02.18,-08:39:051.5,12:49:12,-8:37:41,HK,12:49:02.18,-08:39:051.5,147.2256,129.50016,,
NGC4451,0.002882,NGC4451,SN1985G,II,12:28:41,09:15:30,12:28:40.54,09:15:032.1,12:28:41,09:15:30,HK,12:28:40.54,09:15:032.1,6.8879999999,-2.09976,,
NGC5128,0.00182,NGC5128,SN1986G,Ia-91bg,13:25:36,-43:01:54,13:25:26.09,-43:00:057.9,13:25:36.19,-43:01:55.2,P97,13:25:26.09,-43:00:057.9,148.7088,-56.10408,,
NGC4772,0.003469,NGC4772,SN1988E,II-pec,12:53:29,02:10:23,12:53:29.16,02:10:06.07,12:53:27,02:10:45,HK,12:53:29.16,02:10:06.07,-2.36579999996,16.93316,,
NGC5917,0.006351,NGC5917,SN1990Q,II,15:21:33,-07:22:26,15:21:32.63,-07:22:37.41,15:21:33,-7:22:40,HK,15:21:32.63,-07:22:37.41,5.51699999988,11.4124,,
SN1991bj,0.01815,IC0344,SN1991bj,Ia,03:41:30.47,-04:39:49.5,03:41:29.59,-04:39:056.8,3:41:29.62,-4:39:56.57,JL,03:41:29.59,-04:39:056.8,13.1988,7.30008,,
PSNJ10292799+2200468,0.05445,UGC05691,SN1991S,Ia,10:29:27.79,+22:00:46.40,10:29:27.47,22:00:28.54,10:29:27.48,22:00:29.97,P98,10:29:27.47,22:00:28.54,6.38999999993/--,17.9628/--,,
NGC1380,0.006261,NGC1380,SN1992A,Ia,03:36:27.43,-34:57:31.50,03:36:27.59,-34:58:33.94,3:36:27.97,-34:57:39.28,arx,03:36:27.59,-34:58:33.94,-2.3628000000201155,62.43515999999261,,
NGC7742,0.005547,NGC7742,SN1993R,Ia,23:44:16,10:46:09,23:44:15.71,10:46:001.5,23:44:16,10:46:02,SV,23:44:15.71,10:46:001.5,4.35120000027/4.35120000027,7.50012/11.50012,,
NGC4526,0.002056,NGC4526,SN1994D,Ia,12:34:02,7:42:05,12:34:03.01,07:41:57.34,12:34:02.37,+07:42:04.7,P97,12:34:03.01,07:41:57.34,-15.1620000001,7.65896,,
NGC0410,18,NGC0410,SN1995Y,Ia,01:10:59.60,+33:08:40.70,01:10:58.95,33:09:08.04,1:10:58.91,33:09:07.46,arx,01:10:58.95,33:09:08.04,9.791400000014505,-27.340599999993742,,
NGC5584,0.005464,NGC5584,SN1996aq,Ic,14:22:22.72,-00:23:23.8,14:22:23.77,-00:23:15.46,14:22:23.83,-00:23:14.38,arx,14:22:23.77,00:23:15.46,-15.6462,2799759,,
ESO097-013,0.001448,ESO097-013,SN1996cr,IIn,14:13:10.05,-65:20:44.8,14:13:009.9,-65:20:20.95,14:13:10.08,-65:20:20.31,arx,14:13:009.9,-65:20:20.95,2.2373999999786065,-23.852439999944863,,
NGC3451,0.00445,NGC3451,SN1997dn,II,10:54:19,27:14:07,10:54:20.93,27:14:23.66,10:54:21,27:14:21,HK,10:54:20.93,27:14:23.66,-28902,-16.65692,,
NGC4691,0.003703,NGC4691,SN1997X,Ib,12:48:14,-03:19:59,12:48:13.67,-03:19:58.15,12:48:16,-3:20:22,HK,12:48:13.67,-03:19:58.15,4.98900000009,-0.847639999998,,
ESO184-G082,0.00867,ESO184-G082,SN1998bw,Ic-BL,19:35:03,-52:50:46,19:35:04.41,-52:50:038.0,19:35:05,-52:50:40,HK,19:35:04.41,-52:50:038.0,-21.1482,-7.99996,,
NGC6754,0.010864,NGC6754,SN1998dq,Ia,19:11:24,-50:38:26,19:11:25.75,-50:38:031.9,19:11:23/19:11:29,-50:38:32/-50:38:32,SV,19:11:25.75,-50:38:031.9,3.75059999994/-11.2494000002/-26.2494/-41.2494,6.89984000001/2.89984/5.89984/-2.10016000001,,
NGC6754,0.010864,NGC6754,SN1998X,II,19:11:23,-50:38:34,19:11:25.75,-50:38:031.9,19:11:23/19:11:29,-50:38:32/-50:38:32,SV,19:11:25.75,-50:38:031.9,3.75059999994/-11.2494000002/-26.2494/-41.2494,6.89984000001/2.89984/5.89984/-2.10016000001,,
NGC4900,0.003201,NGC4900,SN1999br,IIP,13:00:42,02:29:46,13:00:39.19,02:30:03.82,13:00:37/13:00:39/13:00:41,2:29:36/2:30:33/2:29:36,HK,13:00:39.19,02:30:03.82,42.0804000001,-17.82176,,
IC5179,0.011415,IC5179,SN1999ee,Ia,22:16:10.00,-36:50:39.7,22:16:09.14,-36:50:37.08,22:16:09.21,-36:50:38.02,arx,22:16:09.14,-36:50:37.08,12.8759999998/-28.0740000001,-2.62012/-16.62012,,
IC5179,0.011415,IC5179,SN1999ex,Ic,22:16:07.27,-36:50:53.7,22:16:09.14,-36:50:37.08,22:16:09.21,-36:50:38.02,arx,22:16:09.14,-36:50:37.08,12.8759999998/-28.0740000001,-2.62012/-16.62012,,
HUDF09-2-03,0.147364,HUDF09-2-03,SN1999gu,II,03:33:00.15,-27:51:40.1,03:33:00.15,-27:51:40.1,3:33:01.25,-27:51:38.90,arx,03:33:00.15,-27:51:40.1,--,--,,
IC1158,0.006428,IC1158,SN2000cb,II-87A,16:01:32,01:42:23,16:01:34.06,01:42:28.16,16:01:33/16:01:31,1:42:40/1:43:16,SV,16:01:34.06,01:42:28.16,-30.9012000001,-5.16136,,
NGC3318,0.009255,NGC3318,SN2000cl/2017ahn,II/II,10:37:16/10:37:17.45,-41:37:48/-41:37:05.27,10:37:15.51,-41:37:039.2,10:37:18,-41:37:32,HK,10:37:15.51,-41:37:039.2,7.2960000001/--,-8.80128/--,,
NGC6754,0.010864,NGC6754,SN2000do,Ia,19:11:26,-50:38:25,19:11:25.75,-50:38:031.9,19:11:23/19:11:29,-50:38:32/-50:38:32,SV,19:11:25.75,-50:38:031.9,3.75059999994/-11.2494000002/-26.2494/-41.2494,6.89984000001/2.89984/5.89984/-2.10016000001,,
IC1481,0.020407,IC1481,SN2000ey,Ia,23:19:25.20,+05:54:21.1,23:19:025.1,05:54:022.3,23:19:25.18,5:54:23.03,arx,23:19:025.1,05:54:022.3,1.4994000001,-1.19984,,
NGC7469,0.016317,NGC7469,SN2000ft,II,23:03:16,08:52:26,23:03:15.61,08:52:26.11,23:03:16,08:52:26,SV,23:03:15.61,08:52:26.11,5.88840000007/20.8884000003,-0.108039999999/-6.10803999999,,
NGC4965,0.007542,NGC4965,SN2000P,II,13:07:11,-28:14:03,13:07:09.38,-28:13:41.28,13:07:11,-28:14:08,HK,13:07:09.38,-28:13:41.28,24.3714000001,-21.7176,,
NGC4261,0.007378,NGC4261,SN2001A,Ia,12:19:23.01,+05:49:40.51,12:19:23.17,05:49:29.84,12:19:23.20,5:49:30.44,arx,12:19:23.17,05:49:29.84,-2.40119999997,10.6702,,
UGC10738,0.022386,UGC10738,SN2001cp,Ia,17:11:03,5:50:27,17:11:05.82,05:51:07.61,17:11:06.20/17:11:03.20,+05:51:16.0/+05:50:43.0,P97,17:11:05.82,05:51:07.61,-42.3108,-40.60968,,
NGC7780,0.017183,NGC7780,SN2001da,Ia,23:53:33,8:07:03,23:53:32.15,08:07:05.09,23:53:32.27,+08:07:06.0,P97,23:53:32.15,08:07:05.09,12717,-2.08908,,
NGC3256,0.009354,NGC3256,SN2001db/2018ec,II/Ic,10:27:50.40/10:27:50.77,-43:54:20.99/-43:54:06.2,10:27:51.28,-43:54:13.65,10:27:51.31,-43:54:14.23,arx,10:27:51.28,-43:54:13.65,-13.1274,-7.33987999999,,
NGC1448,0.003896,NGC1448,SN2001el,Ia,03:44:30.60,-44:38:23.7,03:44:31.85,-44:38:040.4,03:44:30.48,-44:38:26.7,P97,03:44:31.85,-44:38:040.4,--,--,,
NGC3512,0.00459,NGC3512,SN2001fv,II,11:04:03,28:02:13,11:04:02.94,28:02:12.42,11:04:03,28:02:14,HK,11:04:02.94,28:02:12.42,0.847799999906,0.577240000017,,
NGC5921,0.004937,NGC5921,SN2001X,IIP,15:21:55,05:03:42,15:21:56.48,05:04:14.27,15:21:54,05:04:00,HK,15:21:56.48,05:04:14.27,-22.2384,-32.2734,,
NGC5468,0.009480,NGC5468,SN2002cr,Ia,14:06:38,-5:26:22,14:06:34.92,-05:27:10.93,14:06:37.66,-05:26:20.9,P97,14:06:34.92,-05:27:10.93,46.1405999999,48.93104,,
SN2002cx,0.02396,CGCG044-035,SN2002cx,Iax,13:13:49.72,+06:57:31.9,13:13:49.25,06:57:45.58,13:13:49.36,6:57:43.94,JL,13:13:49.25,06:57:45.58,7.07820000014,-13.68248,,
NGC6962,0.014326,NGC6962,SN2002ha/SN2003dt,Ia/Ia,20:47:19/20:47:17.568,0:18:46/+00:18:42.89,20:47:19.07,00:19:14.98,20:47:18.65,+00:18:46.6,P97,20:47:19.07,00:19:14.98,-1.09559999989/--,-28.97864/--,,
SN2015H,12,NGC3464,SN2002hy,Ib,10:54:39.18,-21:03:41.2,10:54:40.14,-21:04:00.17,10:54:40.24,-21:04:02.49,JL,10:54:40.14,-21:04:00.17,30.2945999999/-26.7054000001/-14.4054000001,-13.5296/6.5704/18.9704,,
SN2015H,12,NGC3464,SN2002J,Ic,10:54:38.36,-21:03:53.6,10:54:40.14,-21:04:00.17,10:54:40.24,-21:04:02.49,JL,10:54:40.14,-21:04:00.17,30.2945999999/-26.7054000001/-14.4054000001,-13.5296/6.5704/18.9704,,
NGC7253B,0.014000,NGC7253B,SN2002jg,Ia,22:19:29,29:23:05,22:19:30.28,29:23:16.38,22:19:31.28,+29:23:23.0,P97,22:19:30.28,29:23:16.38,-19.2714000003,-11.37916,,
NGC2466,0.017722,NGC2466,SN2003gh,Ia,07:45:17.93,-71:24:37.30,07:45:016.0,-71:24:37.55,7:45:21/7:45:11/7:45:21/7:45:11,-71:25:03/-71:25:03/-71:24:13/-71:24:13,P96,07:45:016.0,-71:24:37.55,-30.0732/--/--,23.55016/--/--,,
NGC7771,0.015903,NGC7771,SN2003hg,IIP,23:51:24,20:06:38,23:51:24.93,20:06:43.03,23:51:24.06,+20:06:37.3,P97,23:51:24.93,20:06:43.03,-13.9554,-5.03116,,
SN2003ic,0.055672,MCG-02-02-86,SN2003ic,Ia,00:41:50.23,-09:18:19.0,,,00:41:50.44,-09:18:10.36,arx,,,--,--,,
GRB031203,0.105452,GRB031203,SN2003lw,Ic,08:02:30.16,-39:51:03.7,08:02:30.16,-39:51:03.7,8:02:31.28,-39:50:46.39,arx,08:02:30.16,-39:51:03.7,--,--,,
NGC3997,0.015914,NGC3997,SN2004aw,Ic,11:57:50,25:15:55,11:57:48.24,25:16:14.41,11:57:50.24,+25:15:55.1,P97,11:57:48.24,25:16:14.41,26.4,-19.4102,,
SN2004cs,14,UGC11001,SN2004cs,Ia,17:50:14.38,+14:16:59.5,17:50:13.94,14:17:10.37,17:50:13.91,14:17:12.34,JL,17:50:13.94,14:17:10.37,6.57599999997,-10874,,
NGC7755,0.009867,NGC7755,SN2004cx,II,23:47:52.86,-30:31:32.6,23:47:51.77,-30:31:19.43,23:47:51.93,-30:31:18.76,arx,23:47:51.77,-30:31:19.43,16.316999999935433,-13.171759999994492,,
NGC5806,0.004533,NGC5806,SN2004dg,II,14:59:58.96,+01:53:25.58,15:00:000.4,01:53:28.57,15:00:00.47,1:53:28.27,arx,15:00:000.4,01:53:28.57,-21.5562/-19.1562000001/-21.5562,-2.98588/-4.16588/-3.06588,,
NGC6118,0.005243,NGC6118,SN2004dk,Ib,16:21:49,-2:16:17,16:21:48.63,-02:17:00.42,16:21:49.00,-02:16:16.3,P97,16:21:48.63,-02:17:00.42,5.54100000013,43.4218,,
SN2011ce,0.0086,NGC6708,SN2004do,Ia,18:55:33.72,-53:43:22.8,18:55:35.65,-53:43:24.63,18:55:35.72,-53:43:25.93,JL,18:55:35.65,-53:43:24.63,2.8794000001/-28.9206,-4.4676/1.8324,,
UGC12158,0.030974,UGC12158,SN2004ef,Ia,22:42:10,19:59:40,22:42:10.49,19:59:049.2,22:42:11,19:59:48,P95,22:42:10.49,19:59:049.2,-7.35060000006,-9.19999999999,,
UGC11816,0.015837,UGC11816,SN2004ey,Ia,21:49:08,00:26:39,21:49:07.29,00:26:50.34,21:48:57,00:28:00,P95,21:49:07.29,00:26:50.34,10.6482000001,-11.34264,,
NGC1060,0.017312,NGC1060,SN2004fd,Ia,02:43:15.25,+32:25:25.6,02:43:15.06,32:25:29.78,02:43:14.97,+32:25:30.39,arx,02:43:15.06,32:25:29.78,2.849999999992292,-4.184360000022025,,
ESO552-G40,0.022649,ESO552-G40,SN2004ff,IIb,4:58:46,-21:34:12,04:58:47.06,-21:34:09.85,04:58:46.93,-21:34:11.0,P97,04:58:47.06,-21:34:09.85,-15.9006,-2.14992000001,,
M+03-22-20,0.026645,MCG+03-22-020,SN2004gs,Ia,08:38:23.85,17:37:52.85,08:38:23.84,17:37:52.68,08:38:24,17:37:53,P95,08:38:23.86,17:37:52.89,-12.8508000001,-12.89168,,
ANTENNAE,0.005688,ARP244,SN2004gt/SN2013dk,Ibc/Ic,12:01:50.3712:01:52.72,-18:52:12.7/-18:52:18.3,12:01:53.23,-18:52:33.77,12:01:50.60,-18:52:10.61,arx,12:01:53.23,-18:52:33.77,-42.8994,21.07172,,
SN2004ip,0.0182,SN2004ip,SN2004ip,IIP,18:32:41.26,-34:11:26.70,18:32:41.26,-34:11:26.70,18:32:41.02,-34:11:27.81,arx,18:32:41.26,-34:11:26.70,--,--,,
anon1,0.08057,2MASXJ14564322+0919361,SN2005ag,Ia,14:56:44,09:19:43,14:56:43.21,09:19:36.43,14:56:43,09:19:44,P95,14:56:43.21,09:19:36.43,11.8722,6.56716,,
SN2005al,0.0124019,NGC5304,SN2005al,Ia,13:50:01.497,-30:34:42.22,,,13:50:00.90,-30:34:37.82,P101,,,--,--,,
NGC6744,0.002805,NGC6744,SN2005at,Ic,19:09:45,-63:51:22,19:09:46.05,-63:51:026.9,19:09:45/19:09:45/19:09:53/19:09:53,-63:50:39/-65:49:42/-63:50:12/-63:49:15,HK,19:09:46.05,-63:51:026.9,-15.7626000001,4.90243999999,,
anon2,0.035024,SDSSJ145931.51+164011.0,SN2005be,Ia,14:59:32.72,16:40:11.6,14:59:33,16:40:06.86,14:59:33,16:40:11,P95,14:59:33,16:40:12,--,--,,
M+03-31-93,0.023086,MCG+03-31-093,SN2005bg,Ia,12:17:17,16:22:18,12:17:17.21,16:22:17.42,12:17:17,16:22:16,P95,12:17:17.21,16:22:17.42,-3.18300000005,0.581639999997,,
SN2005bs,0.0552,SN2005bs,SN2005bs,Ia,20:10:14.11,-56:38:43.6,20:10:014.2,-56:38:043.0,20:10:15.02,-56:38:18.41,arx,20:10:014.2,-56:38:043.0,-1.3493999998672734,-0.5999199999877192,,
GALEXJ152133.23,0.006461,GALEXASCJ152133.23-072657.0,SN2005cf,Ia,15:21:33.12,-7:26:57.10,15:21:33.12,-7:26:57.10,15:21:33.26,-07:26:56.02,P99,15:21:33.12,-7:26:57.10,--,--,,
NGC6754,0.010864,NGC6754,SN2005cu,II,19:11:25,-50:38:29,19:11:25.75,-50:38:031.9,19:11:23/19:11:29,-50:38:32/-50:38:32,SV,19:11:25.75,-50:38:031.9,3.75059999994/-11.2494000002/-26.2494/-41.2494,6.89984000001/2.89984/5.89984/-2.10016000001,,
anon3,0.060041,SDSSJ030110.70-003307.1,SN2005gj,Ia,03:01:12,-0:33:14,03:01:12,-0:33:14,03:01:12,-0:33:14,P95,03:01:12,-0:33:14,--,--,,
ESO488-G30,0.040118,ESO488-G30,SN2005gn,II,5:48:49,-24:22:46,05:48:48.52,-24:22:44.56,05:48:49.14,-24:22:44.5,P97,05:48:48.52,-24:22:44.56,7.2528,-1.4362,,
NGC838,0.012844,NGC838,SN2005H,II,02:09:38.52,-10:08:43.6,02:09:38.54,-10:08:46.86,02:09:38.49,-10:08:46.25,arx,02:09:38.54,-10:08:46.86,-0.2483999999867592,3.2628800000054525,,
M+00-06-03,0.045931,MCG+00-06-003,SN2005hc,Ia,01:56:47.976,-0:12:48.62,01:56:48.49,-00:12:45.42,01:56:49,-0:12:45,P95,01:56:48.49,00:12:45.41,-7.3458,1534.40716,,
anon4,0.05804,SN2005hj,SN2005hj,Ia,01:26:48,-1:14:17,01:26:048.3,-01:14:017.0,01:26:48,-1:14:16,P95,01:26:048.3,-01:14:017.0,-4.49999999998,0.000159999999649,,
SN2005hk,0.013004,UGC00272,SN2005hk,Iax,00:27:50.87,-01:11:52.5,00:27:49.73,-01:11:59.81,0:27:49.95,-1:12:00.24,JL,00:27:49.73,-01:11:59.81,17.0292,7.30704,,
NGC2906,0.007138,NGC2906,SN2005ip,IIn,09:32:06,08:26:44,09:32:06.23,08:26:30.51,09:32:06,08:26:31,SV,09:32:06.23,08:26:30.51,-3.37499999997,13.48688,,
SN2005iq,0.0340436,MCG-03-01-08,SN2005iq,Ia,23:58:32.50,-18:42:33.0,,,23:58:32.20,-18:42:40.01,P101,,,--,--,,
anon5,0.076452,GALEXASCJ011643.76+004738.1,SN2005ir,Ia,01:16:44,00:47:37,01:16:44,00:47:37,01:16:44,00:47:36,P95,01:16:44,00:47:37,--,--,,
P99-ANON-7,0.00488,NGC1371,SN2005ke,Ia-Pec,3:35:04.35,-24:56:38.80,03:35:01.33,-24:55:059.6,03:35:05.69/03:35:01.36/03:35:01.28,-24:56:31.22/-24:55:48.82/-24:56:47.99,P99,03:35:01.33,-24:55:059.6,45.29879999999764,-39.20008000000763,,
anon6,0.050034,2MASXJ22594265-0000478,SN2005ku,Ia,22:59:43,-0:00:49,22:59:42.67,-00:00:48.84,22:59:42,-0:00:50,P95,22:59:42.67,-00:00:48.84,4.93440000002,97.84192,,
M-03-07-40,0.032188,MCG-03-07-040,SN2005lu,Ia,02:36:04,-17:15:50,02:36:03.61,-17:15:46.35,02:36:04,-17:15:51,P95,02:36:03.61,-17:15:46.35,5.88660000003,-3.65396000001,,
IC672,0.025718,IC672,SN2005lw,II,11:08:03,-12:29:09,11:08:03.23,-12:29:03.15,11:08:03.35,-12:29:07.4,P97,11:08:03.23,-12:29:03.15,-3.52260000001,-5.85011999999,,
NGC2930,0.022011,NGC2930,SN2005M,Ia,09:37:32,23:12:03,09:37:32.69,23:12:11.91,09:37:33,23:12:12,P95,09:37:32.69,23:12:11.91,-10.3704,-8.90664,,
UGC3634,0.026321,UGC3634,SN2005na,Ia,07:01:37,14:08:11,07:01:36.83,14:08:06.86,07:01:33,14:08:52,P95,07:01:36.83,14:08:06.86,2.47559999999,4.1432,,
NGC5468,0.00948,NGC5468,SN2005P,Ia-02cx,14:06:34.01,-05:27:42.6,14:06:034.9,-05:27:10.78,14:06:33.64,-05:27:44.69,JL,14:06:034.9,-05:27:10.78,-13.396200000045155,-31.82412000000099,,
NGC3363,0.01922,NGC3363,SN2005Z,II,10:45:09,22:04:38,10:45:09.45,22:04:42.64,10:45:09.18,+22:04:38.3,P97,10:45:09.45,22:04:42.64,-6.70679999995,-4.64392,,
IC4582,0.008896,IC4582,SN2006be,II,15:45:39,28:05:19,15:45:39.31,28:05:18.68,15:45:39.55/15:45:39.40,+28:05:46.0/+28:05:54.0,P97,15:45:39.31,28:05:18.68,-4.59359999986,0.318639999992,,
SN2006bh,0.0108475,NGC7329,SN2006bh,Ia,22:40:16.10,-66:29:06.3,,,22:40:17.56,-66:28:58.44,P101,,,--,--,,
NGC5185,0.024523,NGC5185,SN2006br,Ia,13:30:02,13:24:57,13:30:02.27,13:24:57.77,13:30:02,13:24:59,P95,13:30:02.27,13:24:57.77,-4.07400000005,-0.770280000002,,
M+03-41-04,0.032155,MCG+03-41-004,SN2006bt,Ia,15:56:31,20:02:46,15:56:33.66,20:03:08.65,15:56:31,20:02:46,P95,15:56:33.66,20:03:08.65,-39909,-22.65332,,
UGC11214,0.008903,UGC11214,SN2006ca,II,18:22:54,12:26:03,18:22:53.26,12:25:45.65,18:22:54.29,+12:26:05.2,P97,18:22:53.26,12:25:45.65,11.1330000001,17.34936,,
UGC11723,0.01633,UGC11723,SN2006cm,Ia,21:20:17,-1:41:03,21:20:17.45,-01:41:03.32,21:20:17.57,-01:41:03.0,P97,21:20:17.45,-01:41:03.32,-6.75779999992,0.319440000001,,
UGC9530,0.028620,UGC9530,SN2006cu,II,14:47:43,9:39:34,14:47:42.49,09:39:33.99,14:47:42.50,+09:39:34.0,P97,14:47:42.49,09:39:33.99,7.57500000001,0.0124000000028,,
M-01-33-34,0.008632,MCG-01-33-034,SN2006D,Ia,12:52:34,-9:46:31,12:52:34.65,-09:46:035.7,12:52:35,-9:46:36,P95,12:52:34.65,-09:46:035.7,-9.7248,4.69915999999,,
NGC1316_1,0.005871,NGC1316,SN2006dd,Ia,03:22:41.64,-37:12:13.2,03:22:41.99,-37:12:29.91,03:22:40.48,-37:11:49.84,arx,03:22:41.99,-37:12:29.91,-5.241599999990854/12.758400000018355,16.708799999994994/1.4087999999986778,,
NGC5338,0.002722,NGC5338,SN2006E,Ia,13:53:29,5:12:23,13:53:26.54,05:12:27.92,13:53:28.58/13:53:24.72,+05:12:21.8/+05:12:23.8,P97,13:53:26.54,05:12:27.92,36.8328,-4.91944,,
NGC809,0.018072,NGC809,SN2006ef,Ia,02:04:20,-8:43:42,02:04:18.99,-08:44:07.06,02:04:19,-8:44:07,P95,02:04:18.99,-08:44:07.06,15159,25.05948,,
NGC191A,0.020417,NGC191A,SN2006ej,Ia,00:38:59.77,-9:00:56.6,00:39:00,-9:00:52.377,00:38:57,-9:02:14,P95,00:39:00,-9:00:57,--,--,,
anon7,0.049534,SN2006eq,SN2006eq,Ia,21:28:37.13,01:13:41.2,21:28:37.588,01:13:49.01,21:28:37,01:13:41,P95,21:28:037.2,01:13:041.0,-3.0000000002,-0.000159999999649,,
NGC232,0.022258,NGC0232,SN2006et,Ia,00:42:46,-23:33:30,00:42:45.74,-23:33:40.66,00:42:46,-23:33:42,P95,00:42:45.74,-23:33:40.66,3.9192,10.66416,,
UGC2019,0.020698,UGC2019,SN2006fo,Ibc,02:32:38.89,+00:37:03.00,02:32:039.3,00:37:02.34,02:32:39.53,+00:37:11.2,P97,02:32:039.3,00:37:02.34,--/--,--/--,,
anon8,0.080055,GALEXASCJ014710.29-000848.3,SN2006fw,Ia,01:47:10,-0:08:49,01:47:10,-0:08:49,01:47:10,-0:08:47,P95,01:47:10,-0:08:49,--,--,,
anon9,0.044771,2MASXJ00561810-0137327,SN2006gt,Ia,00:56:17,-1:37:46,00:56:18.08,-01:37:32.93,00:56:18,-1:37:31,P95,00:56:18.08,-01:37:32.93,-16197,-13.0678,,
SN2006hb,0.015344,MCG-04-12-34,SN2006hb,Ia,05:02:01.28,-21:07:55.1,,,05:02:01.01,-21:08:03.05,P101,,,--,--,,
anon10,0.050034,2MASXJ01135716+0022171,SN2006hx,Ia,01:13:57,00:22:18,01:13:57.17,00:22:17.12,01:13:57,00:22:19,P95,01:13:57.17,00:22:17.12,-2538,0.88368,,
anon11,NULL,APMUKS(BJ)B051529.79-235009.8,SN2006is,Ia,05:17:34,-23:46:54,05:17:34.59,-23:47:00.82,05:17:34,-23:46:54,P95,05:17:34.59,-23:47:00.82,-8.80320000003,6.82104,,
anon12,0.053177,2MASXJ09151727-2536001,SN2006lu,Ia,09:15:18,-25:36:00,09:15:17.27,-25:36:000.1,09:15:17,-25:36:00,P95,09:15:17.27,-25:36:000.1,10.9512000001,0.100079999993,,
NGC1316_1,0.005871,NGC1316,SN2006mr,Ia,03:22:42.84,-37:12:28.5,03:22:41.99,-37:12:29.91,03:22:40.48,-37:11:49.84,arx,03:22:41.99,-37:12:29.91,-5.241599999990854/12.758400000018355,16.708799999994994/1.4087999999986778,,
NGC4651,0.002628,NGC4651,SN2006my,II,12:43:41,16:23:14,12:43:42.66,16:23:36.63,12:43:40/12:43:40/12:43:44/12:43:44,16:23:11/16:24:08/16:23:11/16:24:08,HK,12:43:42.66,16:23:36.63,-24.9018000001,-22.62592,,
UGC1333,0.059201,UGC1333,SN2006ob,Ia,01:51:48,00:15:48,01:51:48.52,00:15:049.8,01:51:48,00:15:50,P95,01:51:48.52,00:15:049.8,-7.75259999999,-1.80024,,
UGC2384,0.032842,UGC02384,SN2006os,Ia,02:55:01,16:00:35,02:55:00.56,16:00:044.5,02:55:01,16:00:45,P95,02:55:00.56,16:00:044.5,6.60119999999,-9.49996,,
E544-G31,0.05299,ESO544-G031,SN2006ot,Ia,02:15:05,-20:45:58,02:15:04.61,-20:46:03.85,02:15:05,-20:46:02,P95,02:15:04.61,-20:46:03.85,5.90160000001,5.85212,,
anon13,0.058357,SN2006py,SN2006py,Ia,22:41:42,-0:08:13,22:41:042.0,00:08:013.0,22:41:42,-0:08:13,P95,22:41:042.0,00:08:013.0,0.0,985.99984,,
NGC4321,0.005240,NGC4321,SN2006X,Ia,12:22:53.98,+15:48:33.0,12:22:54.88,15:49:20.21,12:22:53.9,15:48:33.,P97,12:22:54.88,15:49:20.21,-13.4399999999,-47.20908,,
NGC5584,0.005464,NGC5584,SN2007af,Ia,14:22:21,-0:23:38,14:22:23.77,00:23:15.46,14:22:21.03,-00:23:35.6,P97,14:22:23.77,00:23:15.46,-41.5962,2813459,,
SN2007ai,0.0316619,MCG-04-38-04,SN2007ai,Ia,16:12:53.74,-21:37:48.7,,,16:12:53.46,-21:37:35.77,P101,,,--,--,,
anon14,0.012078,2MASXJ09591870-1928233,SN2007al,Ia,09:59:18,-19:28:26,09:59:18.71,-19:28:22.81,09:59:19,-19:28:24,P95,09:59:18.71,-19:28:22.81,-10.5930000001,-3.18704,,
SN2007as,0.017572,ESO018-G018,SN2007as,Ia,09:27:36.01,-80:10:39.2,,,09:27:38.40,-80:10:42.55,P101,,,--,--,,
UGC9798,0.037692,UGC09798,SN2007ba,Ia,15:16:43,07:23:48,15:16:41.82,07:23:049.2,15:16:42,07:23:49,P95,15:16:41.82,07:23:049.2,17.7018,-1.2,,
UGC6332,0.020831,UGC06332,SN2007bc,Ia,11:19:15,20:48:33,11:19:16.62,20:48:48.83,11:19:17,20:48:48,P95,11:19:16.62,20:48:48.83,-24.3684,-15.83076,,
NGC4981,0.005604,NGC4981,SN2007C,Ib,13:08:49.30,-06:47:01.0,13:08:48.73,-06:46:38.89,13:08:48.86,-06:46:39.35,arx,13:08:48.73,-06:46:38.89,8.552400000098714,-22.108719999998172,,
P99-ANON-19,0.0141300,MCG-02-34-061,SN2007ca,Ia,13:31:05.81,-15:06:06.60,13:31:03.99,-15:06:04.78,13:31:04.48,-15:06:02.28,P99,13:31:03.99,-15:06:04.78,27.294600000050195,-1.8195600000026957,,
E508-G75,0.033246,E508-G75,SN2007cg,Ia,13:25:34,-24:39:08,13:25:33.38,-24:39:08.47,13:25:34,-24:39:06,P95,13:25:33.38,-24:39:08.47,9.31559999991,0.470800000009,,
2MASXJ22144070,0.02622,2MASXJ22144070+0504435,SN2007cq,Ia,22:14:40.41,5:04:48.60,22:14:040.7,05:04:043.5,22:14:40.74,+05:04:43.35,P99,22:14:040.7,05:04:043.5,-4.3506000000661516,5.0999999999966406,,
UGC12859,0.016870,UGC12859,SN2007fb,Ia,23:56:52,5:30:32,23:56:51.55,05:30:30.08,23:56:52.44,+05:30:32.8,P97,23:56:51.55,05:30:30.08,6.8081999998,1.92236,,
ESO601-G05,0.017192,ESO601-G05,SN2007fs,Ia,22:01:40,-21:30:30,22:01:37.99,-21:30:40.38,22:01:40.14/22:01:36.00,-21:30:38.0/-21:30:40.0,P97,22:01:37.99,-21:30:40.38,30.2118000001,10.37832,,
ESO298-G28,0.016895,ESO298-G28,SN2007gj,?,2:19:34,-37:48:44,02:19:37.61,-37:49:007.5,02:19:38.22/02:19:37.60/02:19:36.48,-37:48:49.0/-37:49:08.0/-37:49:29.0,P97,02:19:37.61,-37:49:007.5,-54.1506,23.5,,
NGC7461,0.014249,NGC7461,SN2007hj,Ia,23:01:48,15:35:11,23:01:48.31,15:34:056.6,23:01:48,15:35:01,P95,23:01:48.31,15:34:056.6,-4.64939999993,14.39996,,
anon15,0.080055,SN2007hx,SN2007hx,Ia,02:06:27,-0:53:58,02:06:027.1,00:53:058.0,02:06:27,-0:53:58,P95,02:06:027.1,00:53:058.0,-1.50120000002,6475.99984,,
NGC7721,0.006721,NGC7721,SN2007le,Ia,23:38:48,-6:31:21,23:38:48.53,-06:31:04.77,23:38:48.41,-06:31:21.3,P97,23:38:48.53,-06:31:04.77,-7.89660000012,-16.2342,,
anon16,0.070048,GALEXMSCJ010545.98-004530.2,SN2007mm,Ia,01:05:47,-0:45:32,01:05:47,-0:45:32,01:05:45,-0:44:00,P95,01:05:47,-0:45:32,--,--,,
3C029,0.045031,UGC00595,SN2007nq/SN2010jo,Ia/Ia,00:57:33.60/00:57:35.61,-01:23:19.5/-01:23:33.3,00:57:34.87,-01:23:033.9,00:57:35.03,-01:23:27.22,arx,00:57:34.87,-01:23:033.9,-19.07640000000299/11.073599999993888,14.401440000000054/0.6014399999999753,,
anon17,0.056161,2MASXJ01372378-0018422,SN2007ol,Ia,01:37:23.78,-0:18:42.1,01:37:23.785,-00:18:42.22,01:37:23,-0:18:43,P95,01:37:23.77,00:18:42.16,3.4362,2245.16068,,
SN2007on,0.0064944,NGC1404,SN2007on,Ia,03:38:50.90,-35:34:30.0,,,03:38:50.46,-35:34:02.83,arx,,,--,--,,
UGC7798,0.006716,UGC7798,SN2007rw,II,12:38:04,-2:15:40,12:38:03.29,-02:15:50.42,12:38:03.23,-02:15:51.0,P97,12:38:03.29,-02:15:50.42,10.7106,10.42412,,
NGC1590,0.013756,NGC1590,SN2007rz,Ic,4:31:11,7:37:52,04:31:010.2,07:37:051.3,04:31:10.13,+07:37:50.0,P97,04:31:010.2,07:37:051.3,11.9999999999,0.699879999999,,
UGC5378,0.013959,UGC5378,SN2007S,Ia,10:00:31,04:24:26,10:00:31.98,04:24:25.55,10:00:31,04:24:26,P95,10:00:31.98,04:24:25.55,-14.6927999999,0.452960000001,,
NGC1109,0.02983,NGC1109,SN2007so,Ia,02:47:43.13,13:15:14.8,02:47:43.593,13:15:18.96,02:47:44,13:15:19,P95,02:49:00.37,13:13:025.7,-1160.5476,109.29984,,
NGC4038,0.005477,NGC4038,SN2007sr,Ia,12:01:53,-18:58:22,12:01:53.02,-18:52:05.58,12:01:52.94,-18:58:19.7,P97,12:01:53.02,-18:52:05.58,-0.232800000026,-376.4206,,
SN2007st,0.0211813,NGC692,SN2007st,Ia,01:48:42.47,-48:38:57.8,,,01:48:41.97,-48:38:52.95,P101,,,--,--,,
2MASXJ16152860+1913344,0.032753,2MASXJ16152860+1913344,SN20080612,Ia,16:15:28,19:13:36,16:15:28.62,19:13:33.84,16:15:28.67,+19:13:35.0,P97,16:15:28.62,19:13:33.84,-9.29459999996,2.16204,,
SN2008ae,0.03006,IC0577,SN2008ae,Iax,09:56:03.20,+10:29:58.8,09:56:03.97,10:29:55.88,9:56:03.57,10:29:58.68,JL,09:56:03.97,10:29:55.88,-11.5817999999,2.91516,,
MCG-02-33-20,0.007972,MCG-02-33-20,SN2008aq,IIb,12:50:30,-10:52:01,12:50:29.41,-10:51:15.85,12:50:30.15,-10:52:05.4,P97,12:50:29.41,-10:51:15.85,8.84879999996,-45.14992,,
IC3284,0.026131,IC3284,SN2008ar,Ia,12:24:38,10:50:17,12:24:37.55,10:50:20.67,12:24:38,10:50:21,P95,12:24:37.55,10:50:20.67,6.74760000005,-3.66568,,
NGC4939,0.010360,NGC4939,SN2008aw,II,13:04:14,-10:19:12,13:04:14.36,-10:20:22.45,13:04:14.12,-10:19:12.3,P97,13:04:14.36,-10:20:22.45,-5.32679999995,70.44984,,
anon19,0.015087,SN2008bc,SN2008bc,Ia,09:38:31.23,-63:58:25.6,09:38:34.131,-63:58:22.51,09:38:34,-63:58:21,P95,09:38:031.2,-63:58:026.0,-3.0,3.99999777301e-05,,
SN2008bq,0.034007,ESO308-G25,SN2008bq,Ia,06:41:02.51,-38:02:19.0,,,06:41:03.79,-38:02:08.07,P101,,,--,--,,
SN2008cc,0.0103939,ESO107-G4,SN2008cc,Ia,21:03:29.62,-67:11:01.1,,,21:03:29.77,-67:10:51.74,P101,,,--,--,,
anon20,0.046031,[WLF2008]J140732.38-263305.6,SN2008cf,Ia,14:07:33,-26:33:07,14:07:33,-26:33:07,14:07:32,-26:33:06,P95,14:07:33,-26:33:07,--,--,,
PGC0091487,0.032730,PGC0091487,SN2008cg,IIn,15:54:15,10:58:25,15:54:15.31,10:58:10.01,15:54:15.44,+10:58:12.0,P97,15:54:15.31,10:58:10.01,-4.68360000004,14.99224,,
NGC4603,0.008647,NGC4603,SN2008cn,II,12:40:55.66,-40:58:12.1,12:40:55.19,-40:58:034.9,12:40:55.31,-40:58:36.33,arx,12:40:55.19,-40:58:034.9,7.00800000001,22.80428,,
2MASXJ00351050+2315184,0.036800,2MASXJ00351050+2315184,SN2008dh,Ia,0:35:11,23:15:15,00:35:010.5,23:15:018.4,00:35:11.47,+23:15:17.1,P97,00:35:010.5,23:15:018.4,7.5,-3.39996,,
NGC7469,0.016317,NGC7469,SN2008ec,Ia,23:03:17,08:52:20,23:03:15.61,08:52:26.11,23:03:16,08:52:26,SV,23:03:15.61,08:52:26.11,5.88840000007/20.8884000003,-0.108039999999/-6.10803999999,,
NGC0307,0.013376,NGC0307,SN2008ee,Ia,00:56:32.96,-01:46:16.0,00:56:32.56,-01:46:19.45,0:56:32.65,-1:46:18.76,arx,00:56:32.56,-01:46:19.45,6.02580000001/860783.4258/860796.0258,3.4538/15009.8538/15044.8538,,
E284-G32,0.019173,ESO284-G032,SN2008ff,Ia,20:14:00,-44:21:08,20:13:56.26,-44:21:004.0,20:13:57,-44:21:04,P95,20:13:56.26,-44:21:004.0,56.1024,-4.00004000002,,
SN2008fl,0.0199138,NGC6805,SN2008fl,Ia,19:36:44.84,-37:33:04.5,,,19:36:45.54,-37:33:12.65,P101,,,--,--,,
ESO428-G14,0.00566,ESO428-G14,SN2008fp,Ia,7:16:33,-29:19:32,07:16:031.2,-29:19:029.3,07:16:29.48/07:16:33.00,-29:19:08.0/-29:19:49.0,P97,07:16:031.2,-29:19:029.3,26.9802,-2.69984,,
NGC6907,0.010614,NGC6907,SN2008fq/SN2004bv,II/Ia,20:25:06/20:25:06.34,-24:48:28/-24:48:53.71,20:25:06.63,-24:48:33.84,20:25:06.26,-24:48:26.6,P97,20:25:06.63,-24:48:33.84,-9.43740000012/--,5.83855999999/--,,
SN2008fu,0.0524063,ESO480-IG21,SN2008fu,Ia,03:02:28.50,-24:27:21.5,,,03:02:28.69,-24:27:19.86,P101,,,--,--,,
SN2008ge,0.003916,NGC1527,SN2008ge,Ia,04:08:24.68,-47:53:47.4,04:08:24.13,-47:53:049.3,4:08:24.13,-47:53:51.23,JL,04:08:24.13,-47:53:049.3,8.25060000004,1.90008,,
SN2008gg,0.0320155,NGC539,SN2008gg,Ia,01:25:23.04,-18:10:20.8,,,01:25:22.53,-18:10:06.47,P101,,,--,--,,
anon21,0.05904,2MASXJ22104396-2047256,SN2008go,Ia,22:10:45,-20:47:17,22:10:43.96,-20:47:25.52,22:10:44,-20:47:16,P95,22:10:43.96,-20:47:25.52,15.6203999999,8.52243999999,,
SN2008ha,0.004623,UGC12682,SN2008ha,Ia,23:34:52.69,+18:13:35.4,23:34:53.41,18:13:36.04,23:34:53.93,18:13:45.43,JL,23:34:53.41,18:13:36.04,-10.8011999997,-0.636120000003,,
M-02-01-14,0.038329,MCG-02-01-014,SN2008hj,Ia,00:04:02,-11:10:08,00:04:01.51,-11:10:27.17,00:04:01,-11:10:24,P95,00:04:01.51,-11:10:27.17,7.2912,19.1668,,
NGC2765,0.012549,NGC2765,SN2008hv,Ia,09:07:34,03:23:32,09:07:36.65,03:23:34.48,09:07:35/09:07:35.13,03:23:34/+03:23:43.0,P96/P97,09:07:36.65,03:23:34.48,5.28900000015/-39.7109999999,4.52364/-2.47636,,
ESO125-G06,0.02192,ESO125-G06,SN2008ia,Ia,8:50:35,-61:16:41,08:50:35.89,-61:16:40.41,08:50:35.01,-61:16:41.6,P97,08:50:35.89,-61:16:40.41,-13281,-0.591679999997,,
MCG-02-07-33,0.015874,MCG-02-07-33,SN2008J,IIn,2:34:24,-10:50:39,02:34:24.52,-10:50:37.37,02:34:26.64/02:34:24.57/02:34:23.57,-10:50:35.0/-10:50:36.0/-10:50:36.0,P97,02:34:24.52,-10:50:37.37,-7.77959999998,-1.62816000001,,
SN2008O,0.038857,ESO256-G11,SN2008O,Ia,06:57:34.46,-45:48:44.3,,,06:57:35.14,-45:48:41.38,P101,,,--,--,,
NGC1591,0.013719,NGC1591,SN2008V,II,4:29:31,-26:42:40,04:29:30.54,-26:42:47.35,04:29:31.37,-26:42:38.8,P97,04:29:30.54,-26:42:47.35,6.89819999998,7.35007999999,,
E570-G20,0.027705,ESO570-G020,SN2009aa,Ia,11:23:42,-22:16:15,11:23:40.94,-22:16:014.2,11:23:36,-22:15:46,P95,11:23:40.94,-22:16:014.2,15.8543999999,-0.80256,,
SN2009ag,0.00864,ESO492-G2,SN2009ag,Ia,07:11:40.81,-26:41:06.3,,,07:11:40.41,-26:41:25.10,P101,,,--,--,,
ESO443-21,0.009404,ESO443-21,SN2009au,IIn,12:59:46.00,-29:36:07.5,12:59:45.89,-29:36:00.84,12:59:45.33,-29:35:37.63,arx,12:59:45.89,-29:36:00.84,1.6584000000079868,-6.662640000017461,,
NGC3278,0.009877,NGC3278,SN2009bb,Ic-BL,10:31:34,-39:57:28,10:31:35.39,-39:57:16.72,10:31:34,-39:57:28,HK,10:31:35.39,-39:57:16.72,-20.8649999999,-11.27656,,
M-03-10-52,0.025074,MCG-03-10-052,SN2009D,Ia,03:54:23,-19:10:54,03:54:24.68,-19:11:24.83,03:54:24,-19:11:20,P95,03:54:24.68,-19:11:24.83,-25.1754,30.83484,,
IC2554,0.004659,IC2554,SN2009dq,II,10:08:50,-67:01:57,10:08:50.17,-67:01:54.33,10:08:49.95,-67:01:57.4,P97,10:08:50.17,-67:01:54.33,-2.60159999998,-2.67263999997,,
NGC3905,0.020686,NGC3905,SN2009ds/SN2001E/SN2014V,Ia/Ia/II,11:49:04/11:49:05.00/11:49:06.20,-9:43:45/-09:44:10.9/-09:43:33.7,11:49:04.93,-09:43:47.82,11:49:06.73/11:49:03.00,-09:43:47.0/-09:43:50.0,P97,11:49:04.93,-09:43:47.82,-13.9116000001/--/--,2.81712/--/--,,
NGC5026,0.011216,NGC5026,SN2009ev,Ia,13:14:18,-42:58:49,13:14:13.65,-42:57:40.32,13:14:14.19,-42:58:29.8,P97,13:14:13.65,-42:57:40.32,65223,-68.6782,,
NGC1080,0.026161,NGC1080,SN2009I,Ia,02:45:10,-4:42:49,02:45:09.93,-04:42:038.8,02:45:10,-4:42:39,P95,02:45:09.93,-04:42:038.8,0.976199999991,-10.19992,,
NGC1015,0.008770,NGC1015,SN2009ig,Ia,2:38:12,-1:18:45,02:38:11.58,-01:19:07.36,02:38:11.68,-01:18:46.1,P97,02:38:11.58,-01:19:07.36,6.37019999998,22.35564,,
SN2009J,0.0158,IC2160,SN2009iw,Ia,05:55:25.63,-76:55:15.9,05:55:28.54,-76:55:12.85,5:55:27.93,-76:55:12.41,JL,05:55:28.54,-76:55:12.85,-43.6401,-3.05004000004,,
SN2009J,0.0158,IC2160,SN2009J,Ia-p,05:55:21.13,-76:55:20.8,05:55:28.54,-76:55:12.85,5:55:27.93,-76:55:12.41,JL,05:55:28.54,-76:55:12.85,-43.6401,-3.05004000004,,
SN2009jh,349,SDSSJ144910.68+292510.5,SN2009jh,SLSN-I,14:49:10.09,+29:25:10.42,14:49:10.09,+29:25:10.42,14:49:09.93,29:25:10.39,arx,14:49:10.09,+29:25:10.42,--,--,,
IC1320,0.016548,IC1320,SN2009jr,Ia,20:26:26.03,2:54:32.10,20:26:025.7,02:54:34.91,20:26:25.73,+)2:54:36.71,P99,20:26:025.7,02:54:34.91,5.0160000000232685,-2.8120800000010604,,
NGC1620,0.011830,NGC1620,SN2009K,IIb,4:36:36.77,-00:08:35.6,04:36:37.35,-00:08:37.0,04:36:36.90,-00:08:33.6,P97,04:36:37.34,00:08:037.0,-5.17440000003,1032.99996,,
GALEXJ032953.18,0.08,GALEXASCJ032953.18-280511.9,SN2009ku,Ia,3:29:53.23,-28:05:12.12,3:29:53.23,-28:05:12.12,03:29:53.25,-28:05:11.41,P99,3:29:53.23,-28:05:12.12,--,--,,
ESO478-G006,0.017786,ESO478-G006,SN2009le/SN2003em,Ia/Ia,2:09:17/02:09:20.23,-23:24:45/-23:24:52.9,02:09:18.11,-23:24:54.37,02:09:15.86/02:09:20.65,-23:24:52.0/-23:24:52.0,P97,02:09:18.11,-23:24:54.37,-16.6686/--,9.37224000001/--,,
NGC3389,0.004364,NGC3389,SN2009md,II,10:48:26,12:32:03,10:48:27.93,12:31:59.39,10:48:26/10:48:30,12:32:02/12:31:48,HK,10:48:27.93,12:31:59.39,-28.8942,-1136.38716,,
NGC5426,0.008636,NGC5426,SN2009mz,Ia,14:03:25,-6:03:31,14:03:24.89,-06:04:11.52,14:03:24.64,-06:03:31.3,P97,14:03:24.89,-06:04:11.52,1.60080000005,40.52012,,
NGC4487,0.003456,NGC4487,SN2009N,IIP,12:31:09,-08:02:56,12:31:04.46,-08:03:013.9,12:31:01/12:31:04/12:31:05/12:31:08,-8:03:39/-8:02:42/-8:03:40/-8:02:42,HK,12:31:04.46,-08:03:013.9,68049,17.90392,,
UGC8255,0.011224,UGC8255,SN2009nr,Ia,13:10:59,11:29:29,13:10:56.52,11:28:38.47,13:10:58.95,+11:29:29.3,P97,13:10:56.52,11:28:38.47,37.1874,50.53388,,
NGC5728_1,0.009353,NGC5728,SN2009Y,Ia,14:42:23.85,-17:14:48.41,14:42:23.89,-17:15:10.82,14:42:23.96,-17:15:09.61,arx,14:42:23.89,-17:15:10.82,-0.583200000062,22.40908,,
UGC2019,0.020698,UGC2019,SN2010A,Ia,02:32:39.46,+00:37:10.20,02:32:039.3,00:37:02.34,02:32:39.53,+00:37:11.2,P97,02:32:039.3,00:37:02.34,--/--,--/--,,
SN2010ae,0.003662,ESO162-G017,SN2010ae,Iax,07:15:54.65,-57:20:36.9,07:15:54.54,-57:20:36.62,7:15:54.20,-57:20:34.59,JL,07:15:54.54,-57:20:36.62,1.68239999995,-0.275160000001,,
GRB100316D,0.059100,GRB100316D,SN2010bh,Ic,07:10:31.80,-56:15:20.2,07:10:31.80,-56:15:20.2,7:10:30.44,-56:15:19.61,arx,07:10:31.80,-56:15:20.2,--,--,,
IC1391,0.0300339,IC1391,SN2010dl,Ia,21:35:00.97,-00:30:47.80,21:35:000.4,00:30:41.15,21:35:00.38,-00:30:39.96,P99,21:35:000.4,00:30:41.15,8.519999999771244,3688.9526799999994,,
SN2010el,5,NGC1566,SN2010el/ASASSN-14ha,Iax/II,04:19:58.83/04:20:01.416,-54:56:38.5/-54:56:17.16,04:20:00.39,-54:56:16.11,4:19:59.11,-54:56:32.12,JL,04:20:00.39,-54:56:16.11,-23.4612000001/--,-22.38508/--,,
NGC3244,0.0092,NGC3244,SN2010ev,Ia,10:25:29,-39:49:51,10:25:28.85,-39:49:39.23,10:25:31.21/10:25:28.80/10:25:26.30,-39:49:42.0/-39:49:39.0/-39:49:39.0,P97,10:25:28.85,-39:49:39.23,2.32320000007,-11.76852,,
NGC3120,0.00931,NGC3120,SN2010F,II,10:05:21,-34:13:21,10:05:23.06,-34:13:12.05,10:05:23/10:05:23,-34:13:41/-34:12:44,HK,10:05:23.06,-34:13:12.05,-30.9384,-8.94564000002,,
ESO602G025,0.025041,ESO602-025,SN2010gg,II,22:31:25.47,-19:01:54.8,22:31:25.47,-19:02:004.1,22:31:25.42,-19:02:10.07,arx,22:31:25.47,-19:02:004.1,0.00359999999091,9.29920000001,,
SN2010gx,0.2297,SDSSJ112546.72-084942.0,SN2010gx,Ic,11:25:46.71,-08:49:41.4,11:25:46.71,-08:49:41.4,11:25:46.63,-8:49:40.40,arx,11:25:46.71,-08:49:41.4,--,--,,
ARP256,0.027299,ARP256,SN2010hp,II,00:18:50.01,-10:21:40.6,00:18:050.4,-10:22:07.68,00:18:50.69,-10:22:28.88,arx,00:18:050.4,-10:22:07.68,-5.849999999999156,27.080000000001547,,
IRAS05177-3242,0.012445,ESO362-G018,SN2010jr,IIb,05:19:35,-32:39:15,05:19:35.79,-32:39:28.07,05:19:36,-32:39:23,SV,05:19:35.79,-32:39:28.07,-11.9022,13.07388,,
SN2011ce,0.0086,NGC6708,SN2011ce,Iax,18:55:35.84,-53:43:29.1,18:55:35.65,-53:43:24.63,18:55:35.72,-53:43:25.93,JL,18:55:35.65,-53:43:24.63,2.8794000001/-28.9206,-4.4676/1.8324,,
NGC4806,0.008032,NGC4806,SN2011fh,IIn,12:56:14,-29:29:54.9,12:56:12.399,-29:30:10.6,12:56:14,-29:29:55,HK,12:56:12.39,-29:30:010.6,24.15,15.59984,,
P99-ANON-23,0.0270000,SDSSJ211222.68-074913.9,SN2011gf,Ia,21:12:24.27,-7:48:52.10,21:12:24.27,-7:48:52.10,21:12:23.22,-07:49:07.83,P99,21:12:24.27,-7:48:52.10,--,--,,
SN2011ha,94,2MASXJ03574051+1010130,SN2011ha,Ia,03:57:40.87,+10:09:55.2,03:57:40.51,10:10:013.0,3:57:40.27,10:09:51.67,P98,03:57:40.51,10:10:013.0,5.3988,-17.80008,,
SN2011hb,0.0289,NGC7674,SN2011hb,Ia,23:27:55.51,+08:46:45.7,,,23:27:57.05,+08:46:42.60,arx,,,--,--,,
P99-ANON-25,0.04,2MASXJ23024668+0848186,SN2011io,Ia,23:02:47.60,8:48:09.80,23:02:46.76,08:48:18.46,23:02:46.96,+08:48:15.95,P99,23:02:46.76,08:48:18.46,12.617400000272028,-8.661159999997636,,
NGC4984,0.004266,NGC4984,SN2011iy,Ia,13:08:58,-15:31:04,13:08:57.22,-15:30:058.7,13:08:58.18,-15:31:05.1,P97,13:08:57.22,-15:30:058.7,11.7204000001,-5.30128,,
SN2011jh,0.00779,SN2011jh,SN2011jh,Ia,12:47:14.42,-10:03:47.3,12:47:014.4,-10:03:047.0,12:47:11.65,-10:03:49.81,P98,12:47:014.4,-10:03:047.0,0.301799999954,-0.299840000003,,
NGC4809,0.003052,NGC4809,SN2011jm,Ic,12:54:51.1,02:39:14.9,12:54:51.06,02:39:14.7,12:54:51/12:54:51,2:38:09/2:39:10,HK,12:54:51.09,02:39:13.99,-1.30319999998,1.00716,,
CGCG048-051,0.027762,CGCG048-051,SN2011jt,Ia,14:53:23,02:57:43,14:53:23.42,02:57:59.54,14:53:23,02:58:00,P95,14:53:23.42,02:57:59.54,-6.26280000005,-16.54472,,
SN2011kf,245,SN2011kf,SN2011kf,Ic,14:36:57.53,+16:30:56.6,14:36:57.53,+16:30:56.6,14:36:57.55,16:30:57.87,arx,14:36:57.53,+16:30:56.6,--,--,,
NGC4790,0.004483,NGC4790,SN2012au,Ib,12:54:52.18,-10:14:50.21,12:54:51.93,-10:14:51.83,12:54:51.99,-10:14:52.85,arx,12:54:51.93,-10:14:51.83,3.77699999998,1.62448,,
P99-ANON-21,0.0187,ESO234-G019,SN2012bl,Ia,20:23:55.28,-48:21:17.30,20:23:51.02,-48:21:31.74,20:23:51.30/20:23:54.26,-48:21:27.75/-48:21:27.98,P99,20:23:51.02,-48:21:31.74,63.973199999941244,14.440839999994637,,
NGC3449,0.010921,NGC3449,SN2012bu,IIP,10:52:56.53,-32:56:07.6,10:52:53.51,-32:55:36.69,10:52:52/10:52:55/10:52:50/10:52:53/10:52:54/10:52:57,-32:55:53/-32:55:25/-32:55:12/-32:54:44/-32:56:34/-32:56:06,P96,10:52:53.51,-32:55:36.69,-7.63080000007,1.69204,,
GRB120422A,0.280000,SDSSJ090738.54+140108.4,SN2012bz,Ibc,09:07:38.38,+14:01:07.5,09:07:38.38,+14:01:07.5,9:07:38.30,14:01:08.61,arx,09:07:38.38,+14:01:07.5,--,--,,
NGC4424,0.001458,NGC4424,SN2012cg,Ia,12:27:13,9:25:13,12:27:11.69,09:25:13.59,12:27:12.83,+09:25:13.2,P97,12:27:11.69,09:25:13.59,19.6781999999,-0.592280000001,,
NGC4772,0.003810,NGC4772,SN2012cu,Ia,12:53:29,2:09:39,12:53:29.16,02:10:06.07,12:53:29.35/12:53:29.35,+02:09:39.0/+02:10:04.0,P97,12:53:29.16,02:10:06.07,-2.36579999996,-27.06684,,
NGC975,0.020384,NGC0975,SN2012E,Ia,02:33:23,09:35:06,02:33:22.74,09:36:006.3,02:33:22,09:35:30,P95,02:33:22.74,09:36:006.3,3.89819999998,-60.3,,
SN2012ec,0.004693,NGC1084,SN2012ec,IIP,02:45:59.89,-07:34:25.0,,,02:45:59.97,-07:34:42.91,arx,,,--,--,,
MCG+04-55-47,0.024961,MCG+04-55-47,SN2012et,Ia,23:42:39,27:05:32,23:42:38.41,27:05:29.31,23:42:38.75,+27:05:30.5,P97,23:42:38.41,27:05:29.31,8.85240000016,2.69144,,
P99-ANON-4,35,2MASXJ02305208+2228326,SN2012fk,Ia,2:30:52.04,22:28:45.90,02:30:52.08,22:28:032.6,02:30:51.04,+22:28:33.28,P99,02:30:52.08,22:28:032.6,-0.6017999999897938,13.300079999996228,,
CANDELSCDFS16,0.668544,CANDELSJ033232.51-275059.3,SN2012fq,Ia,03:32:32.90,-27:51:21.1,03:32:32.90,-27:51:21.1,3:32:32.62,-27:51:01.77,arx,03:32:32.90,-27:51:21.1,--,--,,
NGC1365,0.005457,NGC1365,SN2012fr,Ia,03:33:36,-36:07:38,03:33:036.4,-36:08:25.83,03:33:36,-36:08:26,arx,03:33:036.4,-36:08:25.83,-5.99940000002,47827,,
ESO235-G37,0.01857,ESO235-G37,SN2012fw,Ia,21:01:59,-48:16:26,21:01:59.61,-48:16:27.72,21:01:59.19,-48:16:23.9,P97,21:01:59.61,-48:16:27.72,-9.09059999997,1.71903999999,,
anon55,0.025017,IC0803NED01,SN2012G,Ia,12:39:35,16:35:12,12:39:35,16:35:12,12:39:36,16:35:16,P95,12:39:35,16:35:12,--,--,,
NGC7580,0.015967,NGC7580,SN2012gm,Ia,23:17:37,14:00:09,23:17:036.4,14:00:03.87,23:17:37,14:00:05,P95,23:17:036.4,14:00:03.87,8.96460000008,5.13252,,
IC1657,0.011952,IC1657,SN2012hd,Ia,01:14:07,-32:39:08,01:14:07.01,-32:39:03.11,01:14:07.86,-32:39:05.7,P97,01:14:07.01,-32:39:03.11,-0.0929999999954/--,-4.89103999999/--,,
MCG-01-57-021,0.009907,MCG-01-57-021,SN2012ho,IIP,22:40:17,-02:25:34,22:40:15.12,-02:25:26.75,22:40:13/22:40:17,-2:25:25/-2:25:25,HK,22:40:15.12,-02:25:26.75,28.1820000001,-7.24612,,
ESO121-G26,0.007562,ESO121-G26,SN2012hr,Ia,6:21:38,-59:42:51,06:21:38.87,-59:44:24.02,06:21:38.33,-59:42:51.6,P97,06:21:38.87,-59:44:24.02,-13.1136,93.01728,,
NGC3447,0.003559,NGC3447,SN2012ht,Ia,10:53:23,16:46:35,10:53:23.98,16:46:20.71,10:53:22.75,+16:46:34.9,P97,10:53:23.98,16:46:20.71,-14.6544,14.29412,,
SN2012il,175,SN2012il,SN2012il,Ic,09:46:12.85,+19:50:28.2,09:46:12.85,+19:50:28.2,9:46:12.82,19:50:29.91,arx,09:46:12.85,+19:50:28.2,--,--,,
NGC5806,0.004533,NGC5806,SN2012P,IIb,14:59:59.12,+01:53:24.40,15:00:000.4,01:53:28.57,15:00:00.47,1:53:28.27,arx,15:00:000.4,01:53:28.57,-21.5562/-19.1562000001/-21.5562,-2.98588/-4.16588/-3.06588,,
SN2012Z,0.007125,NGC1309,SN2012Z/SN2002fk,Iax/Ia,03:22:05.35/03:22:05.71,-15:23:15.61/-15:24:03.20,03:22:06.56,-15:24:000.2,3:22:06.41,-15:23:40.89,JL,03:22:06.56,-15:24:000.2,-18.075/-12.675,44.59016/-2.99984,,
NGC5643,0.003999,NGC5643,SN2013aa,Ia,14:32:34,-44:13:28,14:32:040.7,-44:10:28.11,14:32:34.07,-44:13:25.8,P97,14:32:040.7,-44:10:28.11,-100506,-179.88892,,
NGC5339,0.009126,NGC5339,SN2013aj,Ia,13:54:01,-7:55:44,13:54:00.27,-07:55:050.2,13:54:00.48,-07:55:46.8,P97,13:54:00.27,-07:55:050.2,10.95,6.19996,,
anon41,0.043121,SN2013ao,SN2013ao,Ia,11:44:45,-20:31:41,11:44:044.6,-20:31:041.0,11:44:45,-20:31:41,P95,11:44:044.6,-20:31:041.0,6.00119999989,0.000160000000449,,
anon40,0.068566,SN2013as,SN2013as,Ia,11:52:52,-18:59:20,11:52:052.3,-18:59:020.0,11:52:52,-18:59:19,P95,11:52:052.3,-18:59:020.0,-4.4976,3.99999905198e-05,,
E306-G16,0.037332,ESO306-G016,SN2013az,Ia,05:39:52,-40:30:28,05:39:53.46,-40:30:44.83,05:39:53,-40:30:45,P95,05:39:53.46,-40:30:44.83,-21.9108,16829,,
anon39,0.019163,2MASXJ13265081-1001263,SN2013bz,Ia-pec,13:26:51,-10:01:32,13:26:50.81,-10:01:26.35,13:26:51,-10:01:31,P95,13:26:50.81,-10:01:26.35,2.86740000003,-5.65004,,
SN2013cs,0.00924,ESO576-G017,SN2013cs,Ia,13:15:14.81,-17:57:55.6,13:15:12.79,-17:58:000.5,13:15:13.15,-17:57:57.78,P98,13:15:12.79,-17:58:000.5,30.3527999999,4.90376000001,,
SN2013da,0.0216,SN2013da,SN2013da,Ia,13:45:36.21,-07:19:32.6,13:45:036.2,-07:19:033.0,13:45:36.21,-7:19:32.59,P98,13:45:036.2,-07:19:033.0,0.147599999934,0.399880000002,,
E287-G40,0.034131,ESO287-G040,SN2013fy,Ia,21:37:27.13,-47:01:55.6,21:37:28.18,-47:02:08.83,21:37:28,-47:02:07,P95,21:37:28.14,-47:02:08.52,-17.0603999999,13.5236,,
NGC1578,0.020374,NGC1578,SN2013fz,Ia,04:23:47.19,-51:36:02.92,04:23:46.65,-51:35:057.9,04:23:47,-51:35:58,P95,04:23:46.65,-51:35:057.9,5.24820000005/--,-5.09988000001/--,,
SN2013gr,0.007385,ESO114-G007,SN2013gr,Iax,01:46:27.90,-58:40:23.8,01:46:29.98,-58:40:024.9,1:46:29.41,-58:40:34.80,JL,01:46:29.98,-58:40:024.9,-31.1976,1.09987999999,,
ESO325-G043,0.034954,ESO325-G043,SN2013M,Ia,13:59:56.68,-37:51:49.41,13:59:57.63,-37:51:049.0,13:59:57.66,-37:51:49.23,P99,13:59:57.63,-37:51:049.0,-14.251800000135972,-0.4100400000083937,,
NGC7119A,0.032912,NGC7119A,SN2014at,Ia,21:46:15,-46:31:21,21:46:15.17,-46:31:006.4,21:46:15,-46:31:06,P95,21:46:15.17,-46:31:006.4,-2.60639999997,-14.59728,,
NGC1578,0.020374,NGC1578,SN2014cd,Ia,04:23:47,-51:36:03,04:23:46.65,-51:35:057.9,04:23:47,-51:35:58,P95,04:23:46.65,-51:35:057.9,5.24820000005/--,-5.09988000001/--,,
NGC6806,0.0191229,NGC6806,SN2014cr,Ia-02cx,19:37:06.13,-42:17:50.49,19:37:05.05,-42:17:47.45,19:37:05.10,-42:17:46.92,P99,19:37:05.05,-42:17:47.45,16.126799999801733,-3.0399599999782367,,
NGC7742,0.005547,NGC7742,SN2014cy,IIP,23:44:16,10:46:13,23:44:15.71,10:46:001.5,23:44:16,10:46:02,SV,23:44:15.71,10:46:001.5,4.35120000027/4.35120000027,7.50012/11.50012,,
P99-ANON-1,38,2MASXJ00281166+0710137,SN2014dk,Ia,0:28:12.00,7:09:43.50,00:28:11.66,07:10:013.7,00:28:11.82,+07:10:00.97,P99,00:28:11.66,07:10:013.7,5.0976000000027,-30.19991999999938,,
SN2014dm,33,NGC1516B,SN2014dm,Ia,04:08:07.13,-08:49:37.2,04:08:08.24,-08:50:06.39,4:08:07.83,-8:49:52.57,P98,04:08:08.24,-08:50:06.39,-16.5893999999,29.18772,,
SN2014dt,0.0052,NGC4303,SN2014dt/SN1999gn,Ia-pec/II,12:21:57.57/12:21:57.02,+04:28:18.52/+04:27:45.61,12:21:54.82,04:28:025.6,12:21:57.01,4:28:08.03,JL,12:21:54.82,04:28:025.6,41.2595999999/33.0095999998,-7.0754/-39.9854,,
PS15ae,0.1136,PGC1173824,SN2015bn,SLSN-I,11:33:41.52,+00:43:32.2,11:33:043.3,00:43:31.34,11:33:41.94,+00:43:33.23,arx,11:33:043.3,00:43:31.34,-26.7011999999,0.86404,,
SN2015bs,27,SN2015bs,SN2015bs,II,22:33:43.77,-06:22:08.33,22:33:43.77,-06:22:08.33,22:33:43.85,-06:22:06.34,DTD,22:33:43.77,-06:22:08.33,--,--,,
NGC3464,0.01246,NGC3464,SN2015H,Ia-Pec,10:54:42.16,-21:04:13.80,10:54:40.14,-21:04:00.17,10:54:42.62,-21:04:23.80,P99,10:54:40.14,-21:04:00.17,30.29459999994515,-13.629599999993047,,
SN2015H,12,NGC3464,SN2015H,Ia,10:54:42.16,-21:04:13.7,10:54:40.14,-21:04:00.17,10:54:40.24,-21:04:02.49,JL,10:54:40.14,-21:04:00.17,30.2945999999/-26.7054000001/-14.4054000001,-13.5296/6.5704/18.9704,,
SN2016aiy,0.01,ESO323-G084,SN2016aiy,IIn,,,,,,,13:08:25.400,-41:58:50.10,P100,,,--,--
SN2016ase,0.01404,ESO504-G009,SN2016ase,II,11:42:34.65,-25:54:45.22,,,11:42:34.65,-25:54:45.21,P100,,,--,--,,
SN2016bas,9,ESO163-G11,SN2016bas,IIb,07:38:05.53,-55:11:47.00,07:38:05.528,-55:11:26.7,7:38:05.80,-55:11:30.01,P100,,,--,--,,
SN2016bev,11,ESO560-G013,SN2016bev,IIP,,,-18:44:12.80,P100,,,07:47:50.21,-18:44:12.80,P100,,,--,--
SN2016blt,16,ESO271-G26,SN2016blt,IIb,,,-47:38:15.00,P100,,,14:15:45.76,-47:38:15.00,P100,,,--,--
SN2016bmi,0.007455,IC4721,SN2016bmi,IIP,,,-58:31:44.80,P100,,,18:34:32.19,-58:31:44.80,P100,,,--,--
SN2016bsb,0.02,ANON,SN2016bsb,II,,,+11:41:55.02,P100,,,11:34:27.59,+11:41:55.02,P100,,,--,--
SN2016cdd,0.008731,ESO218-G008,SN2016cdd,Ib,,,-51:44:50.83,P100,,,12:31:53.64,-51:44:50.83,P100,,,--,--
SN2016css,0.020004,ESO-400-G5,SN2016css,IIP,,,-36:59:42.00,P100,,,20:16:53.44,-36:59:42.00,P100,,,--,--
IC986,0.025001,IC0986,SN2016eaw,Ia,14:11:26.491,01:17:09.47,14:11:26.22,01:17:11.45,14:11:26.28,1:17:11.97,arx,14:11:26.22,01:17:11.45,-735192.3612,191490.44636,,
SN2016ecm,0.05956,ANON,SN2016ecm,Ia,,,-40:53:05.0,P100,,,02:20:14.50,-40:53:05.0,P100,,,--,--
IC1657,0.011952,IC1657,SN2016gfk,Ia,01:14:06.47,-32:39:25.80,01:14:07.01,-32:39:03.11,01:14:07.86,-32:39:05.7,P97,01:14:07.01,-32:39:03.11,-0.0929999999954/--,-4.89103999999/--,,
SN2016gkg,0.00492,NGC0613,SN2016gkg,IIb,,,-29:26:24.2,P100,,,01:34:14.46,-29:26:24.2,P100,,,--,--
SN2016hbb,0.013323,UGC11289,SN2016hbb,II,22:28:14.02,18:35:47.17,P100,,18:35:47.5,,+22:28:30.36,P100,,,--,--,
SN2016hmq,0.0174,2MASXJ04250492-0733581,SN2016hmq,II,04:25:04.92,-7:33:56.23,4:25:4.92,-7:33:58.17,4:25:04.9,,-07:33:56.22,P100,,,--,--,
SN2016hwn,0.021451,KUG1201+220,SN2016hwn,IIP,,,+21:48:01.84,P100,,,12:04:16.881,+21:48:01.84,P100,,,--,--
SN2016iae,0.0040,NGC1532,SN2016iae,Ic,04:12:05.53,-32:51:44.7,,,4:12:05.53,-32:51:44.75,P100,,,--,--,,
SN2016ieq,66,APMUKS(BJ)B211942.51-120949.1,SN2016ieq,IIn,,,-11:56:54.82,P100,,,21:22:25.19,-11:56:54.82,P100,,,--,--
SN2016iyd,0.0351,SSTSL2J073710.03-521905.6,SN2016iyd,II,07:37:09.76,-52:19:04.19,,,7:37:09.76,-52:19:04.18,P100,,,--,--,,
NGC2466,0.017722,NGC2466,SN2016iye,IIb,07:45:19.72,-71:24:17.90,07:45:016.0,-71:24:37.55,7:45:21/7:45:11/7:45:21/7:45:11,-71:25:03/-71:25:03/-71:24:13/-71:24:13,P96,07:45:016.0,-71:24:37.55,-30.0732/--/--,23.55016/--/--,,
SN2016iyz,0.010556,IC2151,SN2016iyz,IIP,05:52:37.430,-17:47:13.02,5:52:36.423,-17:47:14.5,,,05:52:37.43,-17:47:13.02,P100,,,--,--
SN2016jbu,0.00489,NGC2442,SN2016jbu,LBV,07:36:25.96,-69:32:55.25,,,7:36:21.02,-69:33:11.60,P100,,,--,--,,
SN2016jga,0.0243,AM0204-600,SN2016jga,II,02:05:38.28,-59:47:58.92,02:05:38.478,-59:47:58.61,2:05:38.64,-59:47:58.95,P100,,,--,--,,
SN2017ahn,0.009255,NGC3318,SN2017ahn,II,10:37:17.450,-41:37:05.27,,,10:37:17.450,-41:37:05.27,P101,,,--,--,,
SN2017anf,0.0233,SDSSJ133312.86+080323.5,SN2017anf,II,13:33:13.415,+08:03:25.51,,,13:33:13.420,+08:03:25.51,P101,,,--,--,,
SN2017auf,0.013293,MCG-02-13-38,SN2017auf,IIP,05:02:19.558,-10:21:22.86,,,05:02:19.560,-10:21:22.86,P101,,,--,--,,
SN2017aym,0.005928,NGC5690,SN2017aym,IIP,14:37:41.780,+02:17:08.45,,,14:37:41.780,+02:17:08.45,P101,,,--,--,,
SN2017bif,0.0192,2MASXJ17262669-6032500,SN2017bif,II,17:26:27.12,-60:32:39.73,,,17:26:27.12,-60:32:39.73,P100,,,--,--,,
SN2017bif,0.0192,2MASXJ17262669-6032500,SN2017bif,II,17:26:27.120,-60:32:39.73,,,17:26:27.119,-60:32:39.73,P101,,,--,--,,
SN2017blh,0.0334,ANON,SN2017blh,II,10:52:10.551,-27:47:51.73,,,10:52:10.550,-27:47:51.73,P101,,,--,--,,
SN2017bzb,0.003132,NGC7424,SN2017bzb,II,22:57:17.300,-41:00:57.60,,,22:57:17.300,-41:00:57.60,P101,,,--,--,,
SN2017bzm,0.045178,LEDA169691,SN2017bzm,IIn,13:15:04.159,-24:48:05.48,,,13:15:04.160,-24:48:05.48,P101,,,--,--,,
SN2017caw,0.027145,PGC22822,SN2017caw,II,08:07:50.100,-61:46:15.60,,,08:07:50.100,-61:46:15.60,P101,,,--,--,,
NGC5643,0.003999,NGC5643,SN2017cbv,Ia,14:32:34.420,-44:08:02.74,,,14:32:40.76,-44:10:30.84,arx,,,--,--,,
SN2017cin,0.032776,KUG1611+270,SN2017cin,IIn,16:14:00.656,+26:54:58.62,,,16:14:00.660,+26:54:58.62,P101,,,--,--,,
SN2017cjd,23,LEDA866194,SN2017cjd,Ic,11:50:30.174,-18:35:44.96,,,11:50:30.170,-18:35:44.96,P101,,,--,--,,
2MIG_1546,0.014860,NGC3546,SN2017cze,Ia,11:09:46.81,-13:22:50.6,11:09:46.77,-13:22:50.15,11:09:46.80,-13:22:50.50,arx,11:09:46.77,-13:22:50.15,0.598200000024,-0.450080000002,,
SN2017dch,48,GALEXASCJ195535.83-113821.4,SN2017dch,SN2017dch,-11:38:22.70,19:55:35.700,P101,,1.0,19:55:35.696,-11:38:22.70,P101,,,--,--,
SN2017dek,63,2MASXJ20254469-2139366,SN2017dek,II,20:25:44.710,-21:39:39.89,,,20:25:44.712,-21:39:39.89,P101,,,--,--,,
SN2017dgd,22,SDSSJ164539.02+013713.1,SN2017dgd,IIb,16:45:38.976,+01:37:20.28,,,16:45:38.967,+01:37:19.70,P101,,,--,--,,
SN2017dhu,43,2MASXJ05163391+0626586,SN2017dhu,II,05:16:31.940,+06:27:46.33,,,05:16:31.937,+06:27:46.33,P101,,,--,--,,
SN2017dka,21,NGC5409,SN2017dka,II,14:01:46.100,+09:29:57.40,,,14:01:46.100,+09:29:57.40,P101,,,--,--,,
SN2017dkb,16,SDSSJ181403.27+215230.1,SN2017dkb,IIP,18:14:03.430,+21:52:38.70,,,18:14:03.430,+21:52:38.70,P101,,,--,--,,
IC4296,0.012465,IC4296,SN2017dps,Ia,13:36:40.04,-33:58:01.29,13:36:39.05,-33:57:56.96,13:36:39.34,-33:57:56.43,arx,13:36:39.05,-33:57:56.96,14.8404,-4.33115999999,,
SN2017eca,32,ANON,SN2017eca,IIP,16:04:15.699,+17:57:27.44,,,16:04:15.700,+17:57:27.44,P101,,,--,--,,
SN2017ecp,0.02,PGC727891,SN2017ecp,Ibn,14:14:48.926,-29:33:36.76,,,14:14:48.930,-29:33:36.76,P101,,,--,--,,
SN2017eiy,47,6dFGSgJ234928.6-302516,SN2017eiy,IIb,23:49:28.270,-30:25:04.69,,,23:49:28.272,-30:25:04.69,P101,,,--,--,,
SN2017eni,0.08165,6dFGSgJ030511.0-453304,SN2017eni,IIn,03:05:10.780,-45:33:03.49,,,03:05:10.776,-45:33:03.49,P101,,,--,--,,
SN2017eul,0.025985,UGC1222,SN2017eul,II,01:44:30.880,+04:40:05.66,,,01:44:30.880,+04:40:05.66,P101,,,--,--,,
SN2017ewx,0.015179,NGC5418,SN2017ewx,Ib,14:02:16.521,+07:40:44.21,,,14:02:16.520,+07:40:44.21,P101,,,--,--,,
SN2017faf,0.0295,SDSSJ173440.04+261817.4,SN2017faf,II,17:34:39.980,+26:18:22.00,,,17:34:39.980,+26:18:22.00,P101,,,--,--,,
SN2017fav,0.045612,2MASXJ14320620+2149592,SN2017fav,IIn,14:32:06.157,+21:49:58.69,,,14:32:06.160,+21:49:58.69,P101,,,--,--,,
SN2017fbq,15,2MASXJ19334551-6058022,SN2017fbq,IIP,19:33:45.610,-60:58:02.20,,,19:33:45.610,-60:58:02.20,P101,,,--,--,,
SN2017fbu,0.010861,IC0211,SN2017fbu,II,02:11:06.984,+03:50:36.38,,,02:11:06.936,+03:50:36.63,P101,,,--,--,,
SN2017fem,0.014337,IC4452,SN2017fem,IIP,14:32:27.320,+27:25:36.75,,,14:32:27.320,+27:25:36.75,P101,,,--,--,,
SN2017ffm,24,NGC7592B,SN2017ffm,II,23:18:23.020,-04:24:58.27,,,23:18:23.020,-04:24:58.27,P101,,,--,--,,
SN2017ffq,0.012719,2MASXJ17401447-5825586,SN2017ffq,II,17:40:14.662,-58:25:57.36,,,17:40:14.502,-58:25:57.11,P101,,,--,--,,
SN2017fgk,34,ANON,SN2017fgk,IcBL,17:47:49.194,+16:08:05.18,,,17:47:49.190,+16:08:05.18,P101,,,--,--,,
SN2017fod,45,CGMW5-07267,SN2017fod,II,18:44:55.479,+27:18:25.96,,,18:44:55.480,+27:18:25.96,P101,,,--,--,,
SN2017fqk,0.010147,NGC1137,SN2017fqk,II,02:54:02.213,+02:58:04.58,,,02:54:02.094,+02:58:07.71,P101,,,--,--,,
SN2017fqo,0.015204,NGC716,SN2017fqo,II,01:53:01.510,+12:42:46.04,,,01:53:01.510,+12:42:46.04,P101,,,--,--,,
SN2017ful,81,2dFGRSTGS150Z237,SN2017ful,Ic,01:35:12.390,-26:04:58.84,,,01:35:12.391,-26:04:58.83,P101,,,--,--,,
SN2017fvf,0.017475,NGC1285,SN2017fvf,IIP,03:17:53.310,-07:18:00.97,,,03:17:53.310,-07:18:00.97,P101,,,--,--,,
SN2017fvr,0.012539,UGC3165,SN2017fvr,IIP,04:47:28.230,+23:58:57.83,,,04:47:28.226,+23:58:57.83,P101,,,--,--,,
SN2017fwm,0.015557,ESO141-IG32,SN2017fwm,Ic,19:12:51.960,-60:22:58.37,,,19:12:51.968,-60:22:58.37,P101,,,--,--,,
SN2017gat,0.0231,GALEXASCJ235316.77-324634.3,SN2017gat,Ic,23:53:17.033,-32:46:32.84,,,23:53:17.032,-32:46:32.83,P101,,,--,--,,
SN2017gaw,0.03813,UGC807,SN2017gaw,II,01:15:35.230,-00:50:40.30,,,01:15:35.230,-00:50:40.30,P101,,,--,--,,
SN2017gax,0.00444,NGC1672,SN2017gax,Ibc,04:45:49.430,-59:14:42.56,,,04:45:49.430,-59:14:42.56,P101,,,--,--,,
SN2017gbv,0.041635,ESO301-G026,SN2017gbv,Ic,03:42:01.370,-39:19:54.95,,,03:42:01.371,-39:19:56.11,P101,,,--,--,,
SN2017gci,0.09,ANON,SN2017gci,SLSNI,06:46:45.030,-27:14:55.86,,,06:46:45.026,-27:14:55.86,P101,,,--,--,,
SN2017gfh,0.024477,PGC1311562,SN2017gfh,IIb,20:03:27.400,+06:59:27.20,,,20:03:27.400,+06:59:27.20,P101,,,--,--,,
SN2017ggv,25,2MASXJ22542882-1331524,SN2017ggv,IIn,22:54:28.690,-13:31:50.58,,,22:54:28.690,-13:31:50.58,P101,,,--,--,,
SN2017ggw,0.018513,ESO-246-G-21,SN2017ggw,II,02:30:26.880,-43:00:53.10,,,02:30:26.880,-43:00:53.10,P101,,,--,--,,
SN2017ghw,76,LEDA1215402,SN2017ghw,IIn,23:57:34.754,+02:05:11.18,,,23:57:34.750,+02:05:11.18,P101,,,--,--,,
SN2017gip,0.0298,SDSSJ230500.43+284540.6,SN2017gip,II,23:05:00.610,+28:45:42.73,,,23:05:00.610,+28:45:42.73,P101,,,--,--,,
SN2017giq,0.029813,SDSSJ235754.69+283007.1,SN2017giq,Ic,23:57:54.730,+28:30:12.33,,,23:57:54.730,+28:30:12.33,P101,,,--,--,,
SN2017giu,52,ANON,SN2017giu,IcBL,01:47:39.841,-22:41:11.18,,,01:47:39.840,-22:41:11.18,P101,,,--,--,,
SN2017gmr,0.005037,NGC0988,SN2017gmr,II,02:35:30.150,-09:21:14.95,,,02:35:30.150,-09:21:14.95,P101,,,--,--,,
SN2017lt,43,LCSBL0625P,SN2017lt,IIn,14:19:44.200,-16:50:15.76,,,14:19:44.203,-16:50:15.75,P101,,,--,--,,
SN2017mw,0.0117,ESO316-G7,SN2017mw,IIb,09:57:20.970,-41:35:20.98,,,09:57:20.966,-41:35:20.98,P101,,,--,--,,
SN2017pn,14,ANON,SN2017pn,IIP,,,-11:59:18.25,P100,,,04:46:24.59,-11:59:18.25,P100,,,--,--
SN2017pn,14,LEDA959170,SN2017pn,IIP,04:46:24.588,-11:59:18.25,,,04:46:24.590,-11:59:18.25,P101,,,--,--,,
SN2017rt,0.012208,NGC3836,SN2017rt,Ic,11:43:29.259,-16:47:37.27,,,11:43:29.260,-16:47:37.27,P101,,,--,--,,
SN2014dm,33,NGC1516B,SN2018ezx,Ia,04:08:08.08,-08:49:59.4,04:08:08.24,-08:50:06.39,4:08:07.83,-8:49:52.57,P98,04:08:08.24,-08:50:06.39,-16.5893999999,29.18772,,
NGC1068,0.003793,NGC1068,SN2018ivc,II,02:42:41.290,-00:00:31.71,,,02:42:40.84,-00:00:43.90,arx,,,--,--,,
IC5179,0.011415,IC5179,SN2018kcw,II,22:16:07.949,-36:50:56.94,22:16:09.14,-36:50:37.08,22:16:09.21,-36:50:38.02,arx,22:16:09.14,-36:50:37.08,12.8759999998/-28.0740000001,-2.62012/-16.62012,,
NGC5419,0.013763,NGC5419,SN2018zz,Ia,14:03:39.05,-33:58:42.5,14:03:38.732,-33:58:41.73,14:03:38.71,-33:58:40.87,arx,14:03:38.732,-33:58:41.73,--,--,,
